Date,Region,Site,Diver_Name,Quadrat,Epiphite_Blade_Load,Epiphite_Shoot_Load,Seagrass_Health,SAV_Cover,Species,Species_Cover,Canopy_Height_cm,Core_Taken,Biomass_Taken,Insertion_Depth,Core_Length,Alternate_Core_Number,Faunal_Species,Faunal_Count,Notes
6/25/2019,Steinhatchee,STCH06,Jenn McHenry,1,0,0,100,60,Syringodium filiforme,100,22,0,1,,,,,,
6/25/2019,Steinhatchee,STCH06,Jenn McHenry,2,0,0,100,75,Syringodium filiforme,99,37,0,1,,,,,,
6/25/2019,Steinhatchee,STCH06,Jenn McHenry,2,0,0,100,75,Halophila decipens,1,NA,0,1,,,,,,
6/25/2019,Steinhatchee,STCH06,Jenn McHenry,3,0,0,100,70,Syringodium filiforme,10,10,0,1,,,,,,
6/25/2019,Steinhatchee,STCH06,Jenn McHenry,3,0,0,100,70,Thalassia testudinum,5,37,0,1,,,,,,
6/25/2019,Steinhatchee,STCH06,Jenn McHenry,3,0,0,100,70,Halophila decipens,10,5,0,1,,,,,,
6/25/2019,Steinhatchee,STCH06,Jenn McHenry,3,0,0,100,70,Acanthophora spicifera,75,4,0,1,,,,,,
6/25/2019,Steinhatchee,STCH06,Jenn McHenry,4,0,0,100,60,Syringodium filiforme,75,43,0,0,,,,,,
6/25/2019,Steinhatchee,STCH06,Jenn McHenry,4,0,0,100,60,Halophila decipens,25,15,0,0,,,,,,
6/25/2019,Steinhatchee,STCH06,Jenn McHenry,5,0,0,100,80,Thalassia testudinum,50,39,0,0,,,,,,
6/25/2019,Steinhatchee,STCH06,Jenn McHenry,5,0,0,100,80,Syringodium filiforme,50,45,0,0,,,,,,
6/25/2019,Steinhatchee,STCH06,Jenn McHenry,6,0,0,100,75,Syringodium filiforme,75,36,1,1,40,22.2,3,,,
6/25/2019,Steinhatchee,STCH06,Jenn McHenry,6,0,0,100,75,Acanthophora spicifera,25,26,1,1,40,22.2,3,,,
6/25/2019,Steinhatchee,STCH06,Jenn McHenry,7,0,0,100,80,Syringodium filiforme,90,41,1,1,50,45.5,2,,,
6/25/2019,Steinhatchee,STCH06,Jenn McHenry,7,0,0,100,80,Acanthophora spicifera,9,10,1,1,50,45.5,2,,,
6/25/2019,Steinhatchee,STCH06,Jenn McHenry,7,0,0,100,80,Halophila decipens,1,NA,1,1,50,45.5,2,,,
6/25/2019,Steinhatchee,STCH06,Jenn McHenry,8,0,0,100,80,Syringodium filiforme,95,55,1,1,50,43.8,1,,,
6/25/2019,Steinhatchee,STCH06,Jenn McHenry,8,0,0,100,80,Acanthophora spicifera,5,5,1,1,50,43.8,1,,,
6/25/2019,Steinhatchee,STCH06,Jenn McHenry,9,0,0,100,45,Syringodium filiforme,95,38,0,0,,,,,,
6/25/2019,Steinhatchee,STCH06,Jenn McHenry,9,0,0,100,45,Acanthophora spicifera,5,5,0,0,,,,,,
6/25/2019,Steinhatchee,STCH06,Jenn McHenry,10,0,0,100,60,Syringodium filiforme,99,37,0,0,,,,,,
6/25/2019,Steinhatchee,STCH06,Jenn McHenry,10,0,0,100,60,Halophila decipens,1,9,0,0,,,,,,
6/25/2019,Steinhatchee,STCH05,Jenn McHenry,1,0,0,100,50,Ruppia maritima,75,,1,1,50,38,,,,
6/25/2019,Steinhatchee,STCH05,Jenn McHenry,1,0,0,100,50,Acanthophora spicifera,25,,1,1,50,38,,,,
6/25/2019,Steinhatchee,STCH05,Jenn McHenry,2,0,0,100,70,Halimeda incrassata,20,6,1,1,50,25,,,,
6/25/2019,Steinhatchee,STCH05,Jenn McHenry,2,0,0,100,70,Ruppia maritima,80,26,1,1,50,25,,,,
6/25/2019,Steinhatchee,STCH05,Jenn McHenry,3,0,0,100,50,Ruppia maritima,9,26,1,1,50,47,,,,Check to make sure the percent cover values shouldn’t be swapped.
6/25/2019,Steinhatchee,STCH05,Jenn McHenry,3,0,0,100,50,Acanthophora spicifera,90,28,1,1,50,47,,,,Check to make sure the percent cover values shouldn’t be swapped.
6/25/2019,Steinhatchee,STCH05,Jenn McHenry,3,0,0,100,50,Udotea flabellum,10,,1,1,50,47,,,,
6/25/2019,Steinhatchee,STCH05,Jenn McHenry,4,70,70,100,50,Halimeda incrassata,25,6,0,0,,,,,,
6/25/2019,Steinhatchee,STCH05,Jenn McHenry,4,70,70,100,50,Udotea flabellum,70,20,0,0,,,,,,
6/25/2019,Steinhatchee,STCH05,Jenn McHenry,4,70,70,100,50,Acanthophora spicifera,5,6,0,0,,,,,,
6/25/2019,Steinhatchee,STCH05,Jenn McHenry,5,25,70,100,45,Halimeda incrassata,25,7,0,0,,,,,,
6/25/2019,Steinhatchee,STCH05,Jenn McHenry,5,25,70,100,45,Ruppia maritima,5,23,0,0,,,,,,
6/25/2019,Steinhatchee,STCH05,Jenn McHenry,5,25,70,100,45,Udotea flabellum,25,6,0,0,,,,,,
6/25/2019,Steinhatchee,STCH05,Jenn McHenry,5,25,70,100,45,Acanthophora spicifera,20,7,0,0,,,,,,
6/25/2019,Steinhatchee,STCH05,Jenn McHenry,6,100,10,100,80,Ruppia maritima,10,8,0,0,,,,,,
6/25/2019,Steinhatchee,STCH05,Jenn McHenry,6,100,10,100,80,Halimeda incrassata,30,10,0,0,,,,,,
6/25/2019,Steinhatchee,STCH05,Jenn McHenry,6,100,10,100,80,Acanthophora spicifera,60,3,0,0,,,,,,
6/25/2019,Steinhatchee,STCH05,Jenn McHenry,7,80,80,100,90,Ruppia maritima,10,14,0,0,,,,,,
6/25/2019,Steinhatchee,STCH05,Jenn McHenry,7,80,80,100,90,Halimeda incrassata,20,7,0,0,,,,,,
6/25/2019,Steinhatchee,STCH05,Jenn McHenry,7,80,80,100,90,Udotea flabellum,20,6,0,0,,,,,,
6/25/2019,Steinhatchee,STCH05,Jenn McHenry,8,70,30,100,90,Ruppia maritima,50,17,0,0,,,,,,
6/25/2019,Steinhatchee,STCH05,Jenn McHenry,8,70,30,100,90,Halimeda incrassata,20,9,0,0,,,,,,
6/25/2019,Steinhatchee,STCH05,Jenn McHenry,8,70,30,100,90,Acanthophora spicifera,30,3,0,0,,,,,,
6/25/2019,Steinhatchee,STCH05,Jenn McHenry,9,30,30,100,100,Ruppia maritima,60,30,0,0,,,,,,
6/25/2019,Steinhatchee,STCH05,Jenn McHenry,9,30,30,100,100,Halimeda incrassata,40,10,0,0,,,,,,
6/25/2019,Steinhatchee,STCH05,Jenn McHenry,10,80,50,100,90,Ruppia maritima,15,28,0,0,,,,,,
6/25/2019,Steinhatchee,STCH05,Jenn McHenry,10,80,50,100,90,Halimeda incrassata,5,20,0,0,,,,,,
6/25/2019,Steinhatchee,STCH05,Jenn McHenry,10,80,50,100,90,Acanthophora spicifera,30,4,0,0,,,,,,
6/25/2019,Steinhatchee,STCH05,Jenn McHenry,10,80,50,100,90,Udotea flabellum,50,6,0,0,,,,,,
6/24/2019,Steinhatchee,STCH04,Jenn McHenry,1,0,0,100,15,Halophila engelmanni,100,5,1,1,50,46.2,,,,
6/24/2019,Steinhatchee,STCH04,Jenn McHenry,2,0,0,0,0,NA,NA,NA,1,0,50,43,,,,
6/24/2019,Steinhatchee,STCH04,Jenn McHenry,3,0,0,0,0,NA,NA,NA,1,0,50,44,,,,
6/24/2019,Steinhatchee,STCH04,Jenn McHenry,4,0,0,0,0,NA,NA,NA,,,,,,,,
6/24/2019,Steinhatchee,STCH04,Jenn McHenry,5,0,0,0,0,NA,NA,NA,,,,,,,,
6/24/2019,Steinhatchee,STCH04,Jenn McHenry,6,0,0,0,0,NA,NA,NA,,,,,,,,
6/24/2019,Steinhatchee,STCH04,Jenn McHenry,7,0,0,0,0,NA,NA,NA,,,,,,,,
6/24/2019,Steinhatchee,STCH04,Jenn McHenry,8,0,0,0,0,NA,NA,NA,,,,,,,,
6/24/2019,Steinhatchee,STCH04,Jenn McHenry,9,0,0,0,0,NA,NA,NA,,,,,,,,
6/24/2019,Steinhatchee,STCH04,Jenn McHenry,10,0,0,0,0,NA,NA,NA,,,,,,,,
6/24/2019,Steinhatchee,STCH02,Jenn McHenry,1,75,100,100,100,Thalassia testudinum,100,60,1,1,50,27,,,,
6/24/2019,Steinhatchee,STCH02,Jenn McHenry,2,50,75,100,80,Thalassia testudinum,100,45,1,1,50,20,,,,
6/24/2019,Steinhatchee,STCH02,Jenn McHenry,3,60,30,75,95,Thalassia testudinum,100,45,1,1,50,28.5,,,,
6/24/2019,Steinhatchee,STCH02,Jenn McHenry,4,80,40,80,75,Thalassia testudinum,95,30,0,0,,,,,,
6/24/2019,Steinhatchee,STCH02,Jenn McHenry,4,80,40,80,75,Syringodium filiforme,5,23,0,0,,,,,,
6/24/2019,Steinhatchee,STCH02,Jenn McHenry,5,75,30,75,80,Thalassia testudinum,99,38,0,0,,,,,,
6/24/2019,Steinhatchee,STCH02,Jenn McHenry,5,75,30,75,80,Acanthophora spicifera,1,5,0,0,,,,,,
6/24/2019,Steinhatchee,STCH02,Jenn McHenry,6,0,0,0,0,NA,NA,NA,0,0,,,,,,
6/24/2019,Steinhatchee,STCH02,Jenn McHenry,7,80,40,70,70,Thalassia testudinum,100,37,0,0,,,,,,
6/24/2019,Steinhatchee,STCH02,Jenn McHenry,9,50,60,75,95,Thalassia testudinum,100,36,0,0,,,,,,
6/24/2019,Steinhatchee,STCH02,Jenn McHenry,8,5,100,100,60,Syringodium filiforme,5,20,0,0,,,,,,
6/24/2019,Steinhatchee,STCH02,Jenn McHenry,8,5,100,100,60,Halodule wrightii,95,12,0,0,,,,,,
6/24/2019,Steinhatchee,STCH02,Jenn McHenry,10,40,10,90,80,Thalassia testudinum,100,46,0,0,,,,,,
6/24/2019,Steinhatchee,STCH01,Jenn McHenry,1,0,0,100,5,Syringodium filiforme,100,10,1,1,28,18,,,,
6/24/2019,Steinhatchee,STCH01,Jenn McHenry,2,0,0,100,30,Syringodium filiforme,50,13,1,1,28,22.5,,,,
6/24/2019,Steinhatchee,STCH01,Jenn McHenry,5,0,0,100,75,Halodule wrightii,10,12,0,0,,,,,,
6/24/2019,Steinhatchee,STCH01,Jenn McHenry,5,0,0,100,75,Halophila engelmanni,40,2,0,0,,,,,,
6/24/2019,Steinhatchee,STCH01,Jenn McHenry,5,0,0,100,75,Acanthophora spicifera,15,NA,0,0,,,,,,
6/24/2019,Steinhatchee,STCH01,Jenn McHenry,4,0,0,100,80,Halodule wrightii,10,10,0,0,,,,,,
6/24/2019,Steinhatchee,STCH01,Jenn McHenry,4,0,0,100,80,Halophila engelmanni,90,2,0,0,,,,,,
6/24/2019,Steinhatchee,STCH01,Jenn McHenry,3,0,0,100,65,Halophila engelmanni,95,1.5,1,1,50,32,,,,
6/24/2019,Steinhatchee,STCH01,Jenn McHenry,3,0,0,100,65,Acanthophora spicifera,5,NA,1,1,,,,,,
6/24/2019,Steinhatchee,STCH01,Jenn McHenry,6,0,0,100,15,Halodule wrightii,40,12,0,0,,,,,,
6/24/2019,Steinhatchee,STCH01,Jenn McHenry,6,0,0,100,15,Acanthophora spicifera,60,4,0,0,,,,,,
6/24/2019,Steinhatchee,STCH01,Jenn McHenry,7,0,0,100,10,Halodule wrightii,100,18,0,0,,,,,,
6/24/2019,Steinhatchee,STCH01,Jenn McHenry,8,0,0,100,15,Halodule wrightii,100,22,0,0,,,,,,
6/24/2019,Steinhatchee,STCH01,Jenn McHenry,9,0,0,100,40,Halophila engelmanni,100,2.5,0,0,,,,,,
6/24/2019,Steinhatchee,STCH01,Jenn McHenry,10,0,0,0,0,NA,NA,NA,0,0,,,,,,
6/14/2019,Saint Marks,SMAR01,Jenn McHenry,5,5,50,100,50,Thalassia testudinum,65,31,0,0,,,,,,
6/14/2019,Saint Marks,SMAR01,Jenn McHenry,5,5,50,100,50,Syringodium filiforme,35,38,0,0,,,,,,
6/14/2019,Saint Marks,SMAR01,Jenn McHenry,5,5,50,100,50,Acanthophora spicifera,10,NA,0,0,,,,,,
6/14/2019,Saint Marks,SMAR01,Jenn McHenry,6,30,90,100,60,Thalassia testudinum,95,34,0,0,,,,,,
6/14/2019,Saint Marks,SMAR01,Jenn McHenry,6,30,90,100,60,Syringodium filiforme,5,31,0,0,,,,,,
6/14/2019,Saint Marks,SMAR01,Jenn McHenry,7,5,25,100,65,Thalassia testudinum,50,43,0,0,,,,,,
6/14/2019,Saint Marks,SMAR01,Jenn McHenry,7,5,25,100,65,Syringodium filiforme,50,38,0,0,,,,,,
6/14/2019,Saint Marks,SMAR01,Jenn McHenry,8,50,30,100,70,Thalassia testudinum,50,42,0,1,50,,,,,Core length on outside of bag
6/14/2019,Saint Marks,SMAR01,Jenn McHenry,8,50,30,100,70,Syringodium filiforme,40,30,0,1,50,,,,,Core length on outside of bag
6/14/2019,Saint Marks,SMAR01,Jenn McHenry,8,50,30,100,70,Acanthophora spicifera,10,NA,0,1,50,,,,,Core length on outside of bag
6/14/2019,Saint Marks,SMAR01,Jenn McHenry,9,5,10,100,60,Thalassia testudinum,50,30,0,1,50,,,,,Core length on outside of bag
6/14/2019,Saint Marks,SMAR01,Jenn McHenry,9,5,10,100,60,Syringodium filiforme,50,32,0,1,50,,,,,Core length on outside of bag
6/14/2019,Saint Marks,SMAR01,Jenn McHenry,10,30,50,100,100,Thalassia testudinum,80,37,0,1,41,,,,,Core length on outside of bag
6/14/2019,Saint Marks,SMAR01,Jenn McHenry,10,30,50,100,100,Syringodium filiforme,20,42,0,1,41,,,,,Core length on outside of bag
6/14/2019,Saint Marks,SMAR01,Nicole Z & Gema Hernan,1,20,20,100,75,Thalassia testudinum,70,30,0,0,,,,,,
6/14/2019,Saint Marks,SMAR01,Nicole Z & Gema Hernan,1,20,20,100,75,Syringodium filiforme,30,26,0,0,,,,,,
6/14/2019,Saint Marks,SMAR01,Nicole Z & Gema Hernan,2,30,30,100,60,Thalassia testudinum,60,35,0,0,,,,,,
6/14/2019,Saint Marks,SMAR01,Nicole Z & Gema Hernan,2,30,30,100,60,Syringodium filiforme,40,25,0,0,,,,,,
6/14/2019,Saint Marks,SMAR01,Nicole Z & Gema Hernan,3,30,30,100,40,Thalassia testudinum,75,30,0,0,,,,,,
6/14/2019,Saint Marks,SMAR01,Nicole Z & Gema Hernan,3,30,30,100,40,Syringodium filiforme,25,27,0,0,,,,,,
6/14/2019,Saint Marks,SMAR01,Nicole Z & Gema Hernan,4,35,70,100,25,Thalassia testudinum,75,32,0,0,,,,,,
6/14/2019,Saint Marks,SMAR01,Nicole Z & Gema Hernan,4,35,70,100,25,Syringodium filiforme,10,27,0,0,,,,,,
6/14/2019,Saint Marks,SMAR01,Nicole Z & Gema Hernan,4,35,70,100,25,Halodule wrightii,15,33,0,0,,,,,,
7/8/2019,Saint Joe Bay,SJB14,Jenn McHenry,1,80,100,100,80,Thalassia testudinum,100,39,1,1,50,37,,,,These measurements don’t make sense for some reason.Possibly human error because we lost the data sheet at this site. Use an average insertion depth as a proxy.
7/8/2019,Saint Joe Bay,SJB14,Jenn McHenry,2,99,99,100,100,Thalassia testudinum,100,37,1,1,50,39,,,,These measurements don’t make sense for some reason.
7/8/2019,Saint Joe Bay,SJB14,Jenn McHenry,3,95,100,100,75,Thalassia testudinum,100,38,1,1,48,32.5,,,,These measurements don’t make sense for some reason.
7/8/2019,Saint Joe Bay,SJB14,Jenn McHenry,4,95,100,100,70,Thalassia testudinum,100,36,0,0,,,,,,15% lucinids
7/8/2019,Saint Joe Bay,SJB14,Jenn McHenry,5,95,100,100,100,Thalassia testudinum,100,,0,0,,,,,,20% lucinids
7/8/2019,Saint Joe Bay,SJB14,Jenn McHenry,6,90,100,100,50,Thalassia testudinum,100,28,0,0,,,,,,
7/8/2019,Saint Joe Bay,SJB14,Jenn McHenry,7,100,100,100,100,Thalassia testudinum,100,30,0,0,,,,,,
7/8/2019,Saint Joe Bay,SJB14,Jenn McHenry,8,80,90,100,50,Thalassia testudinum,100,31,0,0,,,,,,
7/8/2019,Saint Joe Bay,SJB14,Jenn McHenry,9,100,100,100,50,Thalassia testudinum,100,45,0,0,,,,,,
7/8/2019,Saint Joe Bay,SJB14,Jenn McHenry,10,80,70,100,60,Thalassia testudinum,100,25,0,0,,,,,,
7/8/2019,Saint Joe Bay,SJB13,Jenn McHenry,1,80,75,100,100,Thalassia testudinum,100,50,1,1,40,40.4,,,,
7/8/2019,Saint Joe Bay,SJB13,Jenn McHenry,2,50,30,100,100,Thalassia testudinum,25,37,1,1,41,38.6,,,,
7/8/2019,Saint Joe Bay,SJB13,Jenn McHenry,2,50,30,100,100,Syringodium filiforme,5,38,1,1,41,38.6,,,,
7/8/2019,Saint Joe Bay,SJB13,Jenn McHenry,2,50,30,100,100,Halodule wrightii,70,20,1,1,41,38.6,,,,
7/8/2019,Saint Joe Bay,SJB13,Jenn McHenry,3,30,100,100,100,Syringodium filiforme,5,25,1,1,45,35.7,,,,
7/8/2019,Saint Joe Bay,SJB13,Jenn McHenry,3,30,100,100,100,Halodule wrightii,95,20,1,1,45,35.7,,,,
7/8/2019,Saint Joe Bay,SJB13,Jenn McHenry,4,50,90,75,95,Thalassia testudinum,45,21,0,0,,,,,,
7/8/2019,Saint Joe Bay,SJB13,Jenn McHenry,4,50,90,75,95,Syringodium filiforme,50,20,0,0,,,,,,
7/8/2019,Saint Joe Bay,SJB13,Jenn McHenry,4,50,90,75,95,Halodule wrightii,5,14,0,0,,,,,,
7/8/2019,Saint Joe Bay,SJB13,Jenn McHenry,5,15,5,100,75,Syringodium filiforme,90,18,0,0,,,,,,
7/9/2019,Saint Joe Bay,SJB13,Jenn McHenry,5,15,5,100,75,Halodule wrightii,10,18,0,0,,,,,,
7/8/2019,Saint Joe Bay,SJB13,Jenn McHenry,6,80,60,100,100,Thalassia testudinum,75,39,0,0,,,,,,
7/8/2019,Saint Joe Bay,SJB13,Jenn McHenry,6,80,60,100,100,Syringodium filiforme,25,26,0,0,,,,,,
7/8/2019,Saint Joe Bay,SJB13,Jenn McHenry,7,75,50,100,90,Thalassia testudinum,45,30,0,0,,,,,,
7/8/2019,Saint Joe Bay,SJB13,Jenn McHenry,7,75,50,100,90,Syringodium filiforme,15,39,0,0,,,,,,
7/8/2019,Saint Joe Bay,SJB13,Jenn McHenry,7,75,50,100,90,Halodule wrightii,40,28,0,0,,,,,,
7/8/2019,Saint Joe Bay,SJB13,Jenn McHenry,8,90,50,100,100,Thalassia testudinum,98,46,0,0,,,,,,
7/8/2019,Saint Joe Bay,SJB13,Jenn McHenry,8,90,50,100,100,Syringodium filiforme,1,30,0,0,,,,,,
7/8/2019,Saint Joe Bay,SJB13,Jenn McHenry,8,90,50,100,100,Halodule wrightii,1,30,0,0,,,,,,
7/8/2019,Saint Joe Bay,SJB13,Jenn McHenry,9,50,70,100,100,Syringodium filiforme,55,39,0,0,,,,,,
7/8/2019,Saint Joe Bay,SJB13,Jenn McHenry,9,50,70,100,100,Halodule wrightii,45,30,0,0,,,,,,
7/8/2019,Saint Joe Bay,SJB13,Jenn McHenry,10,10,10,75,75,Syringodium filiforme,25,,0,0,,,,,,
7/8/2019,Saint Joe Bay,SJB13,Jenn McHenry,10,10,10,75,75,Halodule wrightii,75,,,,,,,,,
7/9/2019,Saint Joe Bay,SJB07,Jenn McHenry,1,100,100,100,100,Halodule wrightii,100,29,1,1,37,30.6,,,,
7/9/2019,Saint Joe Bay,SJB07,Jenn McHenry,2,100,80,100,80,Thalassia testudinum,95,25,1,1,38,31.5,,,,
7/9/2019,Saint Joe Bay,SJB07,Jenn McHenry,2,100,80,100,80,Halodule wrightii,5,12,1,1,38,31.5,,,,
7/9/2019,Saint Joe Bay,SJB07,Jenn McHenry,3,100,100,60,95,Thalassia testudinum,99,32,1,1,42,,,,,Need to grab the core length from the bags.
7/9/2019,Saint Joe Bay,SJB07,Jenn McHenry,3,100,100,60,95,Halodule wrightii,1,9,1,1,42,,,,,Need to grab the core length from the bags.
7/9/2019,Saint Joe Bay,SJB07,Jenn McHenry,4,80,60,95,80,Thalassia testudinum,100,37,0,0,,,,,,
7/9/2019,Saint Joe Bay,SJB07,Jenn McHenry,5,80,55,95,55,Thalassia testudinum,100,33,0,0,,,,,,
7/9/2019,Saint Joe Bay,SJB07,Jenn McHenry,6,90,75,90,60,Thalassia testudinum,100,30,0,0,,,,,,
7/9/2019,Saint Joe Bay,SJB07,Jenn McHenry,7,30,100,100,100,Halodule wrightii,100,24,0,0,,,,,,
7/9/2019,Saint Joe Bay,SJB07,Jenn McHenry,8,25,100,1001,100,Halodule wrightii,100,23,0,0,,,,,,
7/9/2019,Saint Joe Bay,SJB07,Jenn McHenry,9,10,100,100,100,Halodule wrightii,100,20,0,0,,,,,,
7/9/2019,Saint Joe Bay,SJB07,Jenn McHenry,10,60,90,100,100,Thalassia testudinum,50,36,0,0,,,,,,
7/9/2019,Saint Joe Bay,SJB07,Jenn McHenry,10,60,90,100,100,Halodule wrightii,50,30,0,0,,,,,,
7/9/2019,Saint Joe Bay,SJB06,Jenn McHenry,1,0,100,100,50,Halodule wrightii,100,16,1,1,42,36,,,,
7/9/2019,Saint Joe Bay,SJB06,Jenn McHenry,4,0,100,100,95,Halodule wrightii,100,16,0,0,,,,,,
7/9/2019,Saint Joe Bay,SJB06,Jenn McHenry,5,0,100,100,99,Halodule wrightii,100,14,0,0,,,,,,
7/9/2019,Saint Joe Bay,SJB06,Jenn McHenry,6,0,100,100,80,Halodule wrightii,100,15,0,0,,,,,,
7/9/2019,Saint Joe Bay,SJB06,Jenn McHenry,2,0,100,99,95,Halodule wrightii,100,20,1,1,42,36.1,,,,
7/9/2019,Saint Joe Bay,SJB06,Jenn McHenry,7,0,100,95,100,Halodule wrightii,100,20,0,0,,,,,,
7/9/2019,Saint Joe Bay,SJB06,Jenn McHenry,8,0,100,90,95,Halodule wrightii,100,15,0,0,,,,,,
7/9/2019,Saint Joe Bay,SJB06,Jenn McHenry,3,30,100,95,95,Halodule wrightii,100,12,1,1,36,32.5,,,,
7/9/2019,Saint Joe Bay,SJB06,Jenn McHenry,9,30,100,90,90,Halodule wrightii,100,10,0,0,,,,,,
7/9/2019,Saint Joe Bay,SJB06,Jenn McHenry,10,50,100,80,80,Halodule wrightii,100,13,0,0,,,,,,
7/10/2019,Saint Joe Bay,SJB17,Jenn McHenry,1,30,80,80,100,Thalassia testudinum,100,36,1,1,50,,,,,Count bags for length of core
7/10/2019,Saint Joe Bay,SJB17,Jenn McHenry,2,25,75,95,100,Thalassia testudinum,100,37,1,1,50,33.8,,Purple Urchin,1,
7/10/2019,Saint Joe Bay,SJB17,Jenn McHenry,3,50,25,80,100,Thalassia testudinum,99,48,1,1,50,34.8,,Purple Urchin,1,
7/10/2019,Saint Joe Bay,SJB17,Jenn McHenry,3,50,25,80,100,Acanthophora spicifera,1,9,1,1,50,34.8,,Purple Urchin,1,
7/10/2019,Saint Joe Bay,SJB17,Jenn McHenry,4,45,90,70,100,Thalassia testudinum,100,49,0,0,,,,,,
7/10/2019,Saint Joe Bay,SJB17,Jenn McHenry,5,50,50,90,100,Thalassia testudinum,100,52,0,0,,,,,,
7/10/2019,Saint Joe Bay,SJB17,Jenn McHenry,6,45,70,95,100,Thalassia testudinum,100,49,0,0,,,,,,
7/10/2019,Saint Joe Bay,SJB17,Jenn McHenry,7,40,50,95,100,Thalassia testudinum,100,50,0,0,,,,,,
7/10/2019,Saint Joe Bay,SJB17,Jenn McHenry,8,60,30,99,100,Thalassia testudinum,100,70,0,0,,,,,,
7/10/2019,Saint Joe Bay,SJB17,Jenn McHenry,9,70,25,95,100,Thalassia testudinum,100,65,0,0,,,,,,
7/10/2019,Saint Joe Bay,SJB17,Jenn McHenry,10,75,25,95,100,Thalassia testudinum,75,75,0,0,,,,,,
7/10/2019,Saint Joe Bay,SJB17,Jenn McHenry,10,75,25,95,100,Acanthophora spicifera,25,10,0,0,,,,,,
7/10/2019,Saint Joe Bay,SJB10,Jenn McHenry,1,50,80,95,100,Thalassia testudinum,100,55,1,1,50,38.7,,Purple Urchin,2,
7/10/2019,Saint Joe Bay,SJB10,Jenn McHenry,2,30,90,99,95,Thalassia testudinum,100,60,1,1,36,33.2,,Purple Urchin,2,
7/10/2019,Saint Joe Bay,SJB10,Jenn McHenry,3,60,95,95,100,Thalassia testudinum,100,65,1,1,50,36.9,,,,
7/10/2019,Saint Joe Bay,SJB10,Jenn McHenry,4,60,100,75,100,Thalassia testudinum,100,45,0,0,,,,,,
7/10/2019,Saint Joe Bay,SJB10,Jenn McHenry,5,75,75,95,100,Thalassia testudinum,100,52,0,0,,,,,,
7/10/2019,Saint Joe Bay,SJB10,Jenn McHenry,6,80,100,75,100,Thalassia testudinum,100,44,0,0,,,,,,
7/10/2019,Saint Joe Bay,SJB10,Jenn McHenry,7,80,100,60,100,Thalassia testudinum,100,43,0,0,,,,,,
7/10/2019,Saint Joe Bay,SJB10,Jenn McHenry,8,50,60,90,95,Thalassia testudinum,100,49,0,0,,,,,,
7/10/2019,Saint Joe Bay,SJB10,Jenn McHenry,9,80,80,75,90,Thalassia testudinum,100,50,0,0,,,,,,
7/10/2019,Saint Joe Bay,SJB10,Jenn McHenry,10,60,76,60,99,Thalassia testudinum,100,40,0,0,,,,,,
7/11/2019,Saint Joe Bay,SJBA,Jenn McHenry,1,0,0,0,0,NA,0,0,1,0,39,36.2,,,,
7/11/2019,Saint Joe Bay,SJBA,Jenn McHenry,2,0,0,0,0,NA,0,0,1,0,38,27.6,,,,
7/11/2019,Saint Joe Bay,SJBA,Jenn McHenry,3,0,0,0,0,NA,0,0,1,0,36,30.6,,,,
7/11/2019,Saint Joe Bay,SJBA,Jenn McHenry,4,0,0,0,0,NA,0,0,0,0,,,,,,
7/11/2019,Saint Joe Bay,SJBA,Jenn McHenry,5,0,0,0,0,NA,0,0,0,0,,,,,,
7/11/2019,Saint Joe Bay,SJBA,Jenn McHenry,6,0,0,0,0,NA,0,0,0,0,,,,,,
7/11/2019,Saint Joe Bay,SJBA,Jenn McHenry,7,0,0,0,0,NA,0,0,0,0,,,,,,
7/11/2019,Saint Joe Bay,SJBA,Jenn McHenry,8,0,0,0,0,NA,0,0,0,0,,,,,,
7/11/2019,Saint Joe Bay,SJBA,Jenn McHenry,9,0,0,0,0,NA,0,0,0,0,,,,,,
7/11/2019,Saint Joe Bay,SJBA,Jenn McHenry,10,0,0,0,0,NA,0,0,0,0,,,,,,
7/11/2019,Saint Joe Bay,SJBB,Jenn McHenry,1,0,0,0,0,NA,0,0,1,0,36,30.5,,,,
7/11/2019,Saint Joe Bay,SJBB,Jenn McHenry,2,0,0,0,0,NA,0,0,1,0,40,32.2,,,,
7/11/2019,Saint Joe Bay,SJBB,Jenn McHenry,3,0,0,0,0,NA,0,0,1,0,37,34,,,,
7/11/2019,Saint Joe Bay,SJBB,Jenn McHenry,4,0,0,0,0,NA,0,0,0,0,,,,,,
7/11/2019,Saint Joe Bay,SJBB,Jenn McHenry,5,0,0,0,0,NA,0,0,0,0,,,,,,
7/11/2019,Saint Joe Bay,SJBB,Jenn McHenry,6,0,0,0,0,NA,0,0,0,0,,,,,,
7/11/2019,Saint Joe Bay,SJBB,Jenn McHenry,7,0,0,0,0,NA,0,0,0,0,,,,,,
7/11/2019,Saint Joe Bay,SJBB,Jenn McHenry,8,0,0,0,0,NA,0,0,0,0,,,,,,
7/11/2019,Saint Joe Bay,SJBB,Jenn McHenry,9,0,0,0,0,NA,0,0,0,0,,,,,,
7/11/2019,Saint Joe Bay,SJBB,Jenn McHenry,10,0,0,0,0,NA,0,0,0,0,,,,,,
7/25/2019,Saint Joe Bay,SJB02,Jenn McHenry,1,90,75,50,95,Thalassia testudinum,100,50,1,1,50,42.5,,,,Was supposed to be halodule
7/25/2019,Saint Joe Bay,SJB02,Jenn McHenry,2,90,80,75,100,Thalassia testudinum,100,67,1,1,50,42,,,,Was supposed to be halodule
7/25/2019,Saint Joe Bay,SJB02,Jenn McHenry,3,90,75,75,100,Thalassia testudinum,100,85,1,1,60,36.2,,Scallop,1,Was supposed to be halodule
7/25/2019,Saint Joe Bay,SJB02,Jenn McHenry,4,70,70,50,75,Thalassia testudinum,100,63,0,0,,,,White tunicates,2,Was supposed to be halodule
7/25/2019,Saint Joe Bay,SJB02,Jenn McHenry,5,90,75,90,80,Thalassia testudinum,100,54,0,0,,,,White tunicates,1,Was supposed to be halodule
7/25/2019,Saint Joe Bay,SJB02,Jenn McHenry,6,100,75,90,100,Thalassia testudinum,100,57,0,0,,,,White tunicates,,Was supposed to be halodule
7/25/2019,Saint Joe Bay,SJB02,Jenn McHenry,7,90,50,70,95,Thalassia testudinum,100,64,0,0,,,,,,Was supposed to be halodule
7/25/2019,Saint Joe Bay,SJB02,Jenn McHenry,8,50,50,95,50,Thalassia testudinum,100,70,0,0,,,,,,Was supposed to be halodule
7/25/2019,Saint Joe Bay,SJB02,Jenn McHenry,9,80,95,50,80,Thalassia testudinum,100,67,0,0,,,,,,Was supposed to be halodule
7/25/2019,Saint Joe Bay,SJB02,Jenn McHenry,10,80,50,95,75,Thalassia testudinum,100,73,0,0,,,,,,Was supposed to be halodule
7/25/2019,Saint Joe Bay,SJB24,Jenn McHenry,1,90,30,90,90,Thalassia testudinum,100,29,1,1,29.5,27,,purple urchin,1,
7/25/2019,Saint Joe Bay,SJB24,Jenn McHenry,2,70,70,60,80,Thalassia testudinum,100,30,1,1,37.5,31,,,,
7/25/2019,Saint Joe Bay,SJB24,Jenn McHenry,3,30,60,50,60,Thalassia testudinum,100,31,1,1,33.5,31.5,,brown sponge,,
7/25/2019,Saint Joe Bay,SJB24,Jenn McHenry,4,30,90,100,80,Thalassia testudinum,100,30,0,0,,,,,,
7/25/2019,Saint Joe Bay,SJB24,Jenn McHenry,5,50,100,80,75,Thalassia testudinum,100,23,0,0,,,,,,
7/25/2019,Saint Joe Bay,SJB24,Jenn McHenry,6,50,100,100,70,Thalassia testudinum,100,24,0,0,,,,,,
7/25/2019,Saint Joe Bay,SJB24,Jenn McHenry,7,60,95,95,75,Thalassia testudinum,100,25,0,0,,,,,,
7/25/2019,Saint Joe Bay,SJB24,Jenn McHenry,8,10,100,95,60,Thalassia testudinum,100,24,0,0,,,,,,
7/25/2019,Saint Joe Bay,SJB24,Jenn McHenry,9,80,50,50,99,Thalassia testudinum,100,33,0,0,,,,,,
7/25/2019,Saint Joe Bay,SJB24,Jenn McHenry,10,80,70,30,99,Thalassia testudinum,100,31,0,0,,,,,,
7/30/2019,Steinhatchee,STCHA,Jenn McHenry,1,0,0,0,0,NA,0,0,1,0,19,19.6,,Coring very difficult. Sand covering old oyster reef,,
7/30/2019,Steinhatchee,STCHA,Jenn McHenry,4,0,0,100,5,Thalassia testudinum,100,16,0,0,,,,Coring very difficult. Sand covering old oyster reef,,
7/30/2019,Steinhatchee,STCHA,Jenn McHenry,2,0,0,99,15,Thalassia testudinum,60,24,1,1,13,13,,Coring very difficult. Sand covering old oyster reef,,
7/30/2019,Steinhatchee,STCHA,Jenn McHenry,2,0,0,99,15,Acanthophora spicifera,40,5,1,1,13,13,,Coring very difficult. Sand covering old oyster reef,,
7/30/2019,Steinhatchee,STCHA,Jenn McHenry,5,0,100,100,25,Sargassum,30,13,0,0,,,,Coring very difficult. Sand covering old oyster reef,,
7/30/2019,Steinhatchee,STCHA,Jenn McHenry,5,0,100,100,25,Halimeda incrassata,30,13,0,0,,,,Coring very difficult. Sand covering old oyster reef,,
7/30/2019,Steinhatchee,STCHA,Jenn McHenry,5,0,100,100,25,Acanthophora spicifera,40,5,0,0,,,,Coring very difficult. Sand covering old oyster reef,,
7/30/2019,Steinhatchee,STCHA,Jenn McHenry,3,0,0,0,0,NA,0,0,1,0,16.5,10.5,,Coring very difficult. Sand covering old oyster reef,,
7/30/2019,Steinhatchee,STCHA,Jenn McHenry,6,0,0,0,25,Sargassum,80,30,0,0,,,,Coring very difficult. Sand covering old oyster reef,,
7/30/2019,Steinhatchee,STCHA,Jenn McHenry,6,0,0,0,25,Halimeda incrassata,5,8,0,0,,,,Coring very difficult. Sand covering old oyster reef,,
7/30/2019,Steinhatchee,STCHA,Jenn McHenry,6,0,0,0,25,Caulerpa verticillata,16,6,0,0,,,,Coring very difficult. Sand covering old oyster reef,,
7/30/2019,Steinhatchee,STCHA,Jenn McHenry,7,60,50,100,10,Thalassia testudinum,100,40,0,0,,,,,,
7/30/2019,Steinhatchee,STCHA,Jenn McHenry,8,0,100,100,40,Sargassum,100,60,0,0,,,,,,
7/30/2019,Steinhatchee,STCHA,Jenn McHenry,9,60,50,95,25,Thalassia testudinum,70,33,0,0,,,,Coring very difficult. Sand covering old oyster reef,,
7/30/2019,Steinhatchee,STCHA,Jenn McHenry,9,60,50,95,25,Acanthophora spicifera,30,3,0,0,,,,Coring very difficult. Sand covering old oyster reef,,
7/30/2019,Steinhatchee,STCHA,Jenn McHenry,10,30,10,90,30,Thalassia testudinum,50,,0,0,,,,,,
7/30/2019,Steinhatchee,STCHA,Jenn McHenry,10,30,10,90,30,Sargassum,25,,0,0,,,,,,
7/30/2019,Steinhatchee,STCHA,Jenn McHenry,10,30,10,90,30,Halimeda incrassata,25,,0,0,,,,,,
7/30/2019,Steinhatchee,STCHB,Jenn McHenry,1,0,0,0,0,NA,0,0,1,0,24.5,11.5,,,,"Sargassum present, boulders under sediment, possibly Oyster Reefs"
7/30/2019,Steinhatchee,STCHB,Jenn McHenry,2,0,0,0,0,NA,0,0,1,0,35,14,,,,"Sargassum present, boulders under sediment, possibly Oyster Reefs"
7/30/2019,Steinhatchee,STCHB,Jenn McHenry,3,0,0,0,0,NA,0,0,1,0,50,44,,,,"Sargassum present, boulders under sediment, possibly Oyster Reefs"
7/30/2019,Steinhatchee,STCH12,Jenn McHenry,1,50,30,99,95,Thalassia testudinum,100,50,1,1,25,18.5,,,,Bagged as STCH13
7/30/2019,Steinhatchee,STCH12,Jenn McHenry,2,40,60,99,60,Thalassia testudinum,98,36,1,1,22.3,19.8,,,,Bagged as STCH13
7/30/2019,Steinhatchee,STCH12,Jenn McHenry,2,40,60,99,60,Syringodium filiforme,1,28,1,1,22.3,19.8,,,,Bagged as STCH13
7/30/2019,Steinhatchee,STCH12,Jenn McHenry,2,40,60,99,60,Acanthophora spicifera,1,5,1,1,22.3,19.8,,,,Bagged as STCH13
7/30/2019,Steinhatchee,STCH12,Jenn McHenry,3,30,20,100,65,Thalassia testudinum,5,34,1,1,32.7,27.4,,,,Bagged as STCH13
7/30/2019,Steinhatchee,STCH12,Jenn McHenry,3,30,20,100,65,Syringodium filiforme,95,28,1,1,32.7,27.4,,,,Bagged as STCH13
7/30/2019,Steinhatchee,STCH12,Jenn McHenry,4,10,70,95,70,Thalassia testudinum,85,24,0,0,,,,,,Bagged as STCH13
7/30/2019,Steinhatchee,STCH12,Jenn McHenry,4,10,70,95,70,Syringodium filiforme,10,22,0,0,,,,,,Bagged as STCH13
7/30/2019,Steinhatchee,STCH12,Jenn McHenry,4,10,70,95,70,Acanthophora spicifera,5,5,0,0,,,,,,Bagged as STCH13
7/30/2019,Steinhatchee,STCH12,Jenn McHenry,5,80,50,50,80,Thalassia testudinum,99,40,0,0,,,,,,Bagged as STCH13
7/30/2019,Steinhatchee,STCH12,Jenn McHenry,5,80,50,50,80,Syringodium filiforme,1,19,0,0,,,,,,Bagged as STCH13
7/30/2019,Steinhatchee,STCH12,Jenn McHenry,6,75,25,50,50,Thalassia testudinum,50,32,0,0,,,,,,Bagged as STCH13
7/30/2019,Steinhatchee,STCH12,Jenn McHenry,6,75,25,50,50,Syringodium filiforme,50,35,0,0,,,,,,Bagged as STCH13
7/30/2019,Steinhatchee,STCH12,Jenn McHenry,7,30,10,100,40,Thalassia testudinum,75,49,0,0,,,,,,Bagged as STCH13
7/30/2019,Steinhatchee,STCH12,Jenn McHenry,7,30,10,100,40,Syringodium filiforme,25,23,0,0,,,,,,Bagged as STCH13
7/30/2019,Steinhatchee,STCH12,Jenn McHenry,7,30,10,100,40,Acanthophora spicifera,25,7,0,0,,,,,,Bagged as STCH13
7/30/2019,Steinhatchee,STCH12,Jenn McHenry,8,50,40,90,75,Thalassia testudinum,70,40,0,0,,,,,,Bagged as STCH13
7/30/2019,Steinhatchee,STCH12,Jenn McHenry,8,50,40,90,75,Syringodium filiforme,30,4,0,0,,,,,,Bagged as STCH13
7/30/2019,Steinhatchee,STCH12,Jenn McHenry,9,80,30,95,95,Thalassia testudinum,60,30,0,0,,,,,,Bagged as STCH13
7/30/2019,Steinhatchee,STCH12,Jenn McHenry,9,80,30,95,95,Acanthophora spicifera,40,9,0,0,,,,,,Bagged as STCH13
7/30/2019,Steinhatchee,STCH12,Jenn McHenry,10,80,10,99,40,Thalassia testudinum,30,36,0,0,,,,,,Bagged as STCH13
7/30/2019,Steinhatchee,STCH12,Jenn McHenry,10,80,10,99,40,Syringodium filiforme,30,25,0,0,,,,,,Bagged as STCH13
7/30/2019,Steinhatchee,STCH12,Jenn McHenry,10,80,10,99,40,Acanthophora spicifera,30,5,0,0,,,,,,Bagged as STCH13
8/8/2019,Steinhatchee,STCH21,Jenn McHenry,1,0,100,95,100,Thalassia testudinum,100,54,1,1,44,36.8,,,,
8/8/2019,Steinhatchee,STCH21,Jenn McHenry,2,0,100,90,100,Thalassia testudinum,95,74,1,1,42.5,30,,,,
8/8/2019,Steinhatchee,STCH21,Jenn McHenry,2,0,100,90,100,Acanthophora spicifera,5,5,1,1,42.5,30,,,,
8/8/2019,Steinhatchee,STCH21,Jenn McHenry,3,0,100,50,100,Thalassia testudinum,100,55,1,1,42,28.7,,,,
8/8/2019,Steinhatchee,STCH21,Jenn McHenry,4,0,100,95,100,Thalassia testudinum,90,,0,0,,,,,,
8/8/2019,Steinhatchee,STCH21,Jenn McHenry,4,0,100,95,100,Acanthophora spicifera,10,5,0,0,,,,,,
8/8/2019,Steinhatchee,STCH21,Jenn McHenry,5,0,100,55,95,Thalassia testudinum,95,52,0,0,,,,,,
8/8/2019,Steinhatchee,STCH21,Jenn McHenry,5,0,100,55,95,Acanthophora spicifera,5,5,0,0,,,,,,
8/8/2019,Steinhatchee,STCH21,Jenn McHenry,6,1,100,70,50,Thalassia testudinum,100,32,0,0,,,,,,
8/8/2019,Steinhatchee,STCH21,Jenn McHenry,7,1,100,50,75,Thalassia testudinum,100,36,0,0,,,,,,
8/8/2019,Steinhatchee,STCH21,Jenn McHenry,8,1,100,100,100,Thalassia testudinum,100,44,0,0,,,,,,
8/8/2019,Steinhatchee,STCH21,Jenn McHenry,9,1,100,50,30,Thalassia testudinum,100,37,0,0,,,,,,
8/8/2019,Steinhatchee,STCH21,Jenn McHenry,10,1,100,60,90,Thalassia testudinum,95,38,0,0,,,,,,
8/8/2019,Steinhatchee,STCH21,Jenn McHenry,10,1,100,60,90,Acanthophora spicifera,5,3,0,0,,,,,,
8/8/2019,Steinhatchee,STCHC,Jenn McHenry,1,0,0,0,0,NA,0,0,1,0,23,19.2,,,,"Sargassum present, boulders under sediment, possibly Oyster Reefs"
8/8/2019,Steinhatchee,STCHC,Jenn McHenry,2,0,0,0,0,NA,0,0,1,0,31,22.9,,,,"Sargassum present, boulders under sediment, possibly Oyster Reefs"
8/8/2019,Steinhatchee,STCHC,Jenn McHenry,3,0,0,0,0,NA,0,0,1,0,30,22.5,,,,"Sargassum present, boulders under sediment, possibly Oyster Reefs"
8/8/2019,Steinhatchee,STCH20,Jenn McHenry,6,5,100,100,10,Thalassia testudinum,100,38,0,0,,,,,,
8/8/2019,Steinhatchee,STCH20,Jenn McHenry,7,40,100,50,60,Thalassia testudinum,100,38,0,0,,,,,,
8/8/2019,Steinhatchee,STCH20,Jenn McHenry,8,70,40,95,75,Thalassia testudinum,100,80,0,0,,,,,,
8/8/2019,Steinhatchee,STCH20,Jenn McHenry,9,80,80,90,80,Thalassia testudinum,100,61,0,0,,,,,,
8/8/2019,Steinhatchee,STCH20,Jenn McHenry,10,50,80,70,90,Thalassia testudinum,100,64,0,0,,,,Purple urchine,1,
8/8/2019,Steinhatchee,STCH20,Jenn McHenry,11,50,80,70,40,Thalassia testudinum,100,51,1,0,33.5,30.5,1,,,
8/8/2019,Steinhatchee,STCH20,Jenn McHenry,1,20,100,99,25,Thalassia testudinum,100,47,0,1,,,,,,Bagged as STCH09
8/8/2019,Steinhatchee,STCH20,Jenn McHenry,2,20,90,90,60,Thalassia testudinum,80,56,0,1,,,,,,Bagged as STCH10
8/8/2019,Steinhatchee,STCH20,Jenn McHenry,2,20,90,90,60,Halophila engelmanni,20,6,0,1,,,,,,Bagged as STCH11
8/8/2019,Steinhatchee,STCH20,Jenn McHenry,3,50,25,95,40,Thalassia testudinum,100,37,1,1,30.5,27.5,,,,Bagged as STCH12
8/8/2019,Steinhatchee,STCH20,Jenn McHenry,4,25,90,30,60,Thalassia testudinum,100,39,1,0,29,25,2,,,
8/8/2019,Steinhatchee,STCH20,Jenn McHenry,5,60,20,40,40,Thalassia testudinum,50,50,0,0,,,,,,
8/8/2019,Steinhatchee,STCH20,Jenn McHenry,5,60,20,40,40,Halophila engelmanni,50,8,0,0,,,,,,
8/13/2019,Saint Marks,SMAR03,Jenn McHenry,1,50,100,50,100,Thalassia testudinum,50,65,1,1,50,47,,,,
8/13/2019,Saint Marks,SMAR03,Jenn McHenry,1,50,100,50,100,Acanthophora spicifera,50,5,1,1,50,47,,,,
8/13/2019,Saint Marks,SMAR03,Jenn McHenry,2,50,100,75,80,Thalassia testudinum,80,65,1,1,50,41.1,,,,
8/13/2019,Saint Marks,SMAR03,Jenn McHenry,2,50,100,75,80,Syringodium filiforme,10,,1,1,50,41.1,,,,
8/13/2019,Saint Marks,SMAR03,Jenn McHenry,2,50,100,75,80,Acanthophora spicifera,10,,1,1,50,41.1,,,,
8/13/2019,Saint Marks,SMAR03,Jenn McHenry,3,25,100,75,100,Thalassia testudinum,90,100,1,1,50,41.1,,,,
8/13/2019,Saint Marks,SMAR03,Jenn McHenry,3,25,100,75,100,Acanthophora spicifera,10,6,1,1,50,41.1,,,,
8/13/2019,Saint Marks,SMAR03,Jenn McHenry,4,75,25,75,95,Thalassia testudinum,80,70,0,0,,,,,,
8/13/2019,Saint Marks,SMAR03,Jenn McHenry,4,75,25,75,95,Syringodium filiforme,5,24,0,0,,,,,,
8/13/2019,Saint Marks,SMAR03,Jenn McHenry,4,75,25,75,95,Acanthophora spicifera,15,5,0,0,,,,,,
8/13/2019,Saint Marks,SMAR03,Jenn McHenry,5,30,75,80,80,Thalassia testudinum,85,78,0,0,,,,,,
8/13/2019,Saint Marks,SMAR03,Jenn McHenry,5,30,75,80,80,Syringodium filiforme,5,56,0,0,,,,,,
8/13/2019,Saint Marks,SMAR03,Jenn McHenry,5,30,75,80,80,Acanthophora spicifera,10,3,0,0,,,,,,
8/13/2019,Saint Marks,SMAR03,Jenn McHenry,6,40,80,50,80,Thalassia testudinum,40,71,0,0,,,,,,
8/13/2019,Saint Marks,SMAR03,Jenn McHenry,6,40,80,50,80,Acanthophora spicifera,60,13,0,0,,,,,,
8/13/2019,Saint Marks,SMAR03,Jenn McHenry,7,10,100,50,100,Thalassia testudinum,30,70,0,0,,,,,,
8/13/2019,Saint Marks,SMAR03,Jenn McHenry,7,10,100,50,100,Acanthophora spicifera,70,13,0,0,,,,,,
8/13/2019,Saint Marks,SMAR03,Jenn McHenry,8,30,100,50,95,Thalassia testudinum,50,53,0,0,,,,,,
8/13/2019,Saint Marks,SMAR03,Jenn McHenry,8,30,100,50,95,Acanthophora spicifera,50,10,0,0,,,,,,
8/13/2019,Saint Marks,SMAR03,Jenn McHenry,9,50,100,40,90,Thalassia testudinum,75,57,0,0,,,,,,
8/13/2019,Saint Marks,SMAR03,Jenn McHenry,9,50,100,40,90,Acanthophora spicifera,25,18,0,0,,,,,,
8/13/2019,Saint Marks,SMAR03,Jenn McHenry,10,50,50,60,75,Thalassia testudinum,80,54,0,0,,,,,,
8/13/2019,Saint Marks,SMAR03,Jenn McHenry,10,50,50,60,75,Acanthophora spicifera,20,10,0,0,,,,,,
8/13/2019,Saint Marks,SMAR04,Jenn McHenry,1,25,100,50,100,Thalassia testudinum,60,51,1,1,50,32.8,,,,
8/13/2019,Saint Marks,SMAR04,Jenn McHenry,1,25,100,50,100,Acanthophora spicifera,40,20,1,1,50,32.8,,,,
8/13/2019,Saint Marks,SMAR04,Jenn McHenry,2,25,90,60,95,Thalassia testudinum,75,50,1,1,27,20.6,,,,
8/13/2019,Saint Marks,SMAR04,Jenn McHenry,2,25,90,60,95,Acanthophora spicifera,25,13,1,1,27,20.6,,,,
8/13/2019,Saint Marks,SMAR04,Jenn McHenry,3,40,50,65,100,Thalassia testudinum,100,44,1,1,50,42.7,,,,
8/13/2019,Saint Marks,SMAR04,Jenn McHenry,4,25,90,60,80,Thalassia testudinum,100,55,0,0,,,,,,
8/13/2019,Saint Marks,SMAR04,Jenn McHenry,5,40,95,50,100,Thalassia testudinum,95,55,0,0,,,,,,
8/13/2019,Saint Marks,SMAR04,Jenn McHenry,5,40,95,50,100,Acanthophora spicifera,5,3,0,0,,,,,,
8/13/2019,Saint Marks,SMAR04,Jenn McHenry,6,60,100,40,100,Thalassia testudinum,100,52,0,0,,,,,,
8/13/2019,Saint Marks,SMAR04,Jenn McHenry,7,40,100,40,95,Thalassia testudinum,100,58,0,0,,,,,,
8/13/2019,Saint Marks,SMAR04,Jenn McHenry,8,25,100,60,95,Thalassia testudinum,99,55,0,0,,,,,,
8/13/2019,Saint Marks,SMAR04,Jenn McHenry,8,25,100,60,95,Acanthophora spicifera,1,3,0,0,,,,,,
8/13/2019,Saint Marks,SMAR04,Jenn McHenry,9,50,100,50,95,Thalassia testudinum,100,57,0,0,,,,,,
8/13/2019,Saint Marks,SMAR04,Jenn McHenry,10,40,100,75,99,Thalassia testudinum,95,,0,0,,,,,,
8/13/2019,Saint Marks,SMAR04,Jenn McHenry,10,40,100,75,99,Acanthophora spicifera,5,,0,0,,,,,,
8/14/2019,Saint Marks,SMAR14,Jenn McHenry,1,40,25,60,90,Thalassia testudinum,95,34,1,1,50,28.2,,,,
8/14/2019,Saint Marks,SMAR14,Jenn McHenry,1,40,25,60,90,Acanthophora spicifera,5,6,1,1,50,28.2,,,,
8/14/2019,Saint Marks,SMAR14,Jenn McHenry,2,25,100,75,100,Thalassia testudinum,50,56,1,1,50,45.5,,,,
8/14/2019,Saint Marks,SMAR14,Jenn McHenry,2,25,100,75,100,Acanthophora spicifera,50,25,1,1,50,45.5,,,,
8/14/2019,Saint Marks,SMAR14,Jenn McHenry,3,40,100,90,98,Thalassia testudinum,98,63,1,1,50,26.5,,,,
8/14/2019,Saint Marks,SMAR14,Jenn McHenry,3,40,100,90,98,Acanthophora spicifera,2,3,1,1,50,26.5,,,,
8/14/2019,Saint Marks,SMAR14,Jenn McHenry,4,25,100,40,90,Thalassia testudinum,95,51,0,0,,,,,,
8/14/2019,Saint Marks,SMAR14,Jenn McHenry,4,25,100,40,90,Acanthophora spicifera,5,6,0,0,,,,,,
8/14/2019,Saint Marks,SMAR14,Jenn McHenry,5,25,100,90,95,Thalassia testudinum,40,37,0,0,,,,,,
8/14/2019,Saint Marks,SMAR14,Jenn McHenry,5,25,100,90,95,Syringodium filiforme,5,33,0,0,,,,,,
8/14/2019,Saint Marks,SMAR14,Jenn McHenry,5,25,100,90,95,Acanthophora spicifera,55,15,0,0,,,,,,
8/14/2019,Saint Marks,SMAR14,Jenn McHenry,6,25,100,90,95,Thalassia testudinum,80,53,0,0,,,,,,
8/14/2019,Saint Marks,SMAR14,Jenn McHenry,6,25,100,90,95,Acanthophora spicifera,20,16,0,0,,,,,,
8/14/2019,Saint Marks,SMAR14,Jenn McHenry,7,25,50,80,90,Thalassia testudinum,40,48,0,0,,,,,,
8/14/2019,Saint Marks,SMAR14,Jenn McHenry,7,25,50,80,90,Acanthophora spicifera,60,18,0,0,,,,,,
8/14/2019,Saint Marks,SMAR14,Jenn McHenry,8,40,100,95,80,Thalassia testudinum,25,30,0,0,,,,,,
8/14/2019,Saint Marks,SMAR14,Jenn McHenry,8,40,100,95,80,Syringodium filiforme,5,17,0,0,,,,,,
8/14/2019,Saint Marks,SMAR14,Jenn McHenry,8,40,100,95,80,Acanthophora spicifera,70,18,0,0,,,,,,
8/14/2019,Saint Marks,SMAR14,Jenn McHenry,9,50,80,60,90,Thalassia testudinum,80,39,0,0,,,,,,
8/14/2019,Saint Marks,SMAR14,Jenn McHenry,9,50,80,60,90,Acanthophora spicifera,20,11,0,0,,,,,,
8/14/2019,Saint Marks,SMAR14,Jenn McHenry,10,5,100,70,90,Thalassia testudinum,50,32,0,0,,,,,,
8/14/2019,Saint Marks,SMAR14,Jenn McHenry,10,5,100,70,90,Acanthophora spicifera,45,12,0,0,,,,,,
8/14/2019,Saint Marks,SMAR14,Jenn McHenry,10,5,100,70,90,Penicillus capitatus,5,10,0,0,,,,,,
8/14/2019,Saint Marks,SMAR25,Jenn McHenry,6,60,100,60,100,Thalassia testudinum,5,45,0,0,,,,,,
8/14/2019,Saint Marks,SMAR25,Jenn McHenry,6,60,100,60,100,Syringodium filiforme,5,75,0,0,,,,,,
8/14/2019,Saint Marks,SMAR25,Jenn McHenry,6,60,100,60,100,Acanthophora spicifera,80,23,0,0,,,,,,
8/14/2019,Saint Marks,SMAR25,Jenn McHenry,6,60,100,60,100,Halophila decipens,5,19,0,0,,,,,,
8/14/2019,Saint Marks,SMAR25,Jenn McHenry,6,60,100,60,100,Halimeda incrassata,2.5,13,0,0,,,,,,
8/14/2019,Saint Marks,SMAR25,Jenn McHenry,6,60,100,60,100,Penicillus capitatus,2.5,16,0,0,,,,,,
8/14/2019,Saint Marks,SMAR25,Jenn McHenry,7,0,100,100,100,Syringodium filiforme,1,21,0,0,,,,,,
8/14/2019,Saint Marks,SMAR25,Jenn McHenry,7,0,100,100,100,Acanthophora spicifera,93,20,0,0,,,,,,
8/14/2019,Saint Marks,SMAR25,Jenn McHenry,7,0,100,100,100,Halophila decipens,2,20,0,0,,,,,,
8/14/2019,Saint Marks,SMAR25,Jenn McHenry,8,60,100,100,100,Syringodium filiforme,15,46,0,0,,,,,,
8/14/2019,Saint Marks,SMAR25,Jenn McHenry,8,60,100,100,100,Halophila decipens,5,15,0,0,,,,,,
8/14/2019,Saint Marks,SMAR25,Jenn McHenry,8,60,100,100,100,Acanthophora spicifera,80,5,0,0,,,,,,
8/14/2019,Saint Marks,SMAR25,Jenn McHenry,9,5,100,76,80,Thalassia testudinum,10,75,0,0,,,,,,
8/14/2019,Saint Marks,SMAR25,Jenn McHenry,9,5,100,76,80,Syringodium filiforme,5,45,0,0,,,,,,
8/14/2019,Saint Marks,SMAR25,Jenn McHenry,9,5,100,76,80,Acanthophora spicifera,80,28,0,0,,,,,,
8/14/2019,Saint Marks,SMAR25,Jenn McHenry,9,5,100,76,80,Halimeda incrassata,5,7,0,0,,,,,,
8/14/2019,Saint Marks,SMAR25,Jenn McHenry,10,,,95,95,Syringodium filiforme,90,45,0,0,,,,,,
8/14/2019,Saint Marks,SMAR25,Jenn McHenry,10,,,95,95,Acanthophora spicifera,9,10,0,0,,,,,,
8/14/2019,Saint Marks,SMAR25,Jenn McHenry,10,,,95,95,Halophila decipens,1,10,0,0,,,,,,
8/14/2019,Saint Marks,SMAR25,Jenn McHenry,1,30,80,50,75,Thalassia testudinum,40,53,1,1,50,37.1,,,,
8/14/2019,Saint Marks,SMAR25,Jenn McHenry,1,30,80,50,75,Syringodium filiforme,20,48,1,1,50,37.1,,,,
8/14/2019,Saint Marks,SMAR25,Jenn McHenry,1,30,80,50,75,Acanthophora spicifera,29,29,1,1,50,37.1,,,,
8/14/2019,Saint Marks,SMAR25,Jenn McHenry,1,30,80,50,75,Penicillus capitatus,1,,1,1,50,37.1,,,,
8/14/2019,Saint Marks,SMAR25,Jenn McHenry,2,60,50,70,100,Thalassia testudinum,15,41,1,1,50,37.5,,,,
8/14/2019,Saint Marks,SMAR25,Jenn McHenry,2,60,50,70,100,Syringodium filiforme,15,36,1,1,50,37.5,,,,
8/14/2019,Saint Marks,SMAR25,Jenn McHenry,2,60,50,70,100,Acanthophora spicifera,69,22,1,1,50,37.5,,,,
8/14/2019,Saint Marks,SMAR25,Jenn McHenry,2,60,50,70,100,Halimeda incrassata,1,10,1,1,50,37.5,,,,
8/14/2019,Saint Marks,SMAR25,Jenn McHenry,4,5,100,40,90,Thalassia testudinum,5,37,0,0,,,,,,
8/14/2019,Saint Marks,SMAR25,Jenn McHenry,4,5,100,40,90,Acanthophora spicifera,80,31,0,0,,,,,,
8/14/2019,Saint Marks,SMAR25,Jenn McHenry,4,5,100,40,90,Syringodium filiforme,15,31,0,0,,,,,,
8/14/2019,Saint Marks,SMAR25,Jenn McHenry,3,50,60,99,90,Syringodium filiforme,40,57,1,1,50,32.8,,,,
8/14/2019,Saint Marks,SMAR25,Jenn McHenry,3,50,60,99,90,Acanthophora spicifera,54,24,1,1,50,32.8,,,,
8/14/2019,Saint Marks,SMAR25,Jenn McHenry,3,50,60,99,90,Ruppia maritima,1,,1,1,50,32.8,,,,
8/14/2019,Saint Marks,SMAR25,Jenn McHenry,3,50,60,99,90,Halophila decipens,5,25,1,1,50,32.8,,,,
8/14/2019,Saint Marks,SMAR25,Jenn McHenry,5,5,100,95,95,Syringodium filiforme,35,45,0,0,,,,,,
8/14/2019,Saint Marks,SMAR25,Jenn McHenry,5,5,100,95,95,Halimeda incrassata,5,17,0,0,,,,,,
8/14/2019,Saint Marks,SMAR25,Jenn McHenry,5,5,100,95,95,Penicillus capitatus,5,16,0,0,,,,,,
8/14/2019,Saint Marks,SMAR25,Jenn McHenry,5,5,100,95,95,Halophila decipens,5,13,0,0,,,,,,
8/14/2019,Saint Marks,SMAR25,Jenn McHenry,5,5,100,95,95,Acanthophora spicifera,15,14,0,0,,,,,,
8/14/2019,Saint Marks,SMAR25,Jenn McHenry,5,5,100,95,95,Ruppia maritima,35,47,0,0,,,,,,
8/14/2019,Saint Marks,SMAR12,Jenn McHenry,1,20,100,80,100,Thalassia testudinum,80,55,1,1,50,41.3,,,,
8/14/2019,Saint Marks,SMAR12,Jenn McHenry,1,20,100,80,100,Syringodium filiforme,18,59,1,1,50,41.3,,,,
8/14/2019,Saint Marks,SMAR12,Jenn McHenry,1,20,100,80,100,Acanthophora spicifera,2,5,1,1,50,41.3,,,,
8/14/2019,Saint Marks,SMAR12,Jenn McHenry,2,60,100,70,95,Thalassia testudinum,95,62,1,1,50,23.6,,,,
8/14/2019,Saint Marks,SMAR12,Jenn McHenry,2,60,100,70,95,Acanthophora spicifera,5,12,1,1,50,23.6,,,,
8/14/2019,Saint Marks,SMAR12,Jenn McHenry,3,30,100,75,98,Thalassia testudinum,100,65,0,1,,,4,,,
8/14/2019,Saint Marks,SMAR12,Jenn McHenry,4,50,80,76,100,Thalassia testudinum,100,55,1,0,50,43.9,,,,
8/14/2019,Saint Marks,SMAR12,Jenn McHenry,5,50,100,50,98,Thalassia testudinum,98,59,0,0,,,,,,
8/14/2019,Saint Marks,SMAR12,Jenn McHenry,5,50,100,50,98,Halophila decipens,2,12,0,0,,,,,,
8/14/2019,Saint Marks,SMAR12,Jenn McHenry,6,60,100,60,99,Thalassia testudinum,100,60,0,0,,,,,,
8/14/2019,Saint Marks,SMAR12,Jenn McHenry,7,60,100,75,75,Thalassia testudinum,75,57,0,0,,,,,,
8/14/2019,Saint Marks,SMAR12,Jenn McHenry,7,60,100,75,75,Syringodium filiforme,5,45,0,0,,,,,,
8/14/2019,Saint Marks,SMAR12,Jenn McHenry,7,60,100,75,75,Acanthophora spicifera,20,10,0,0,,,,,,
8/14/2019,Saint Marks,SMAR12,Jenn McHenry,8,50,100,80,80,Thalassia testudinum,75,52,0,0,,,,,,
8/14/2019,Saint Marks,SMAR12,Jenn McHenry,8,50,100,80,80,Acanthophora spicifera,25,14,0,0,,,,,,
8/14/2019,Saint Marks,SMAR12,Jenn McHenry,9,60,100,100,95,Thalassia testudinum,60,64,0,0,,,,,,
8/14/2019,Saint Marks,SMAR12,Jenn McHenry,9,60,100,100,95,Syringodium filiforme,15,45,0,0,,,,,,
8/14/2019,Saint Marks,SMAR12,Jenn McHenry,9,60,100,100,95,Acanthophora spicifera,25,9,0,0,,,,,,
8/14/2019,Saint Marks,SMAR12,Jenn McHenry,10,30,100,95,90,Thalassia testudinum,100,53,0,0,,,,,,
8/16/2019,Saint Marks,SMARA,Jenn McHenry,1,0,0,0,0,NA,0,0,1,0,34,28.2,,,,
8/16/2019,Saint Marks,SMARA,Jenn McHenry,2,0,0,0,0,NA,0,0,1,0,50,29.2,,,,
8/16/2019,Saint Marks,SMARA,Jenn McHenry,3,0,0,0,0,NA,0,0,1,0,50,29,,,,
8/16/2019,Saint Marks,SMARA,Jenn McHenry,4,0,0,0,0,NA,0,0,0,0,,,,,,
8/16/2019,Saint Marks,SMARA,Jenn McHenry,5,0,0,0,0,NA,0,0,0,0,,,,,,
8/16/2019,Saint Marks,SMARA,Jenn McHenry,6,0,0,0,0,NA,0,0,0,0,,,,,,
8/16/2019,Saint Marks,SMARA,Jenn McHenry,7,0,0,0,0,NA,0,0,0,0,,,,,,
8/16/2019,Saint Marks,SMARA,Jenn McHenry,8,0,0,0,0,NA,0,0,0,0,,,,,,
8/16/2019,Saint Marks,SMARA,Jenn McHenry,9,0,0,0,0,NA,0,0,0,0,,,,,,
8/16/2019,Saint Marks,SMARA,Jenn McHenry,10,0,0,0,0,NA,0,0,0,0,,,,,,
8/16/2019,Saint Marks,SMARB,Jenn McHenry,1,0,0,0,0,NA,0,0,1,0,50,45.2,,,,
8/16/2019,Saint Marks,SMARB,Jenn McHenry,2,0,0,0,0,NA,0,0,1,0,50,43.5,,,,
8/16/2019,Saint Marks,SMARB,Jenn McHenry,3,0,0,0,0,NA,0,0,1,0,50,41.2,,,,
8/16/2019,Saint Marks,SMARB,Jenn McHenry,4,0,100,100,30,Syringodium filiforme,100,25,0,0,,,,,,
8/16/2019,Saint Marks,SMARB,Jenn McHenry,5,0,0,0,0,NA,0,0,0,0,,,,,,
8/16/2019,Saint Marks,SMARB,Jenn McHenry,6,5,100,100,30,Syringodium filiforme,70,30,0,0,,,,,,
8/16/2019,Saint Marks,SMARB,Jenn McHenry,6,5,100,100,30,Acanthophora spicifera,30,5,0,0,,,,,,
8/16/2019,Saint Marks,SMARB,Jenn McHenry,7,5,100,100,10,Syringodium filiforme,70,28,0,0,,,,,,
8/16/2019,Saint Marks,SMARB,Jenn McHenry,7,5,100,100,10,Acanthophora spicifera,30,5,0,0,,,,,,
8/16/2019,Saint Marks,SMARB,Jenn McHenry,8,0,0,0,0,NA,0,0,0,0,,,,,,
8/16/2019,Saint Marks,SMARB,Jenn McHenry,9,0,0,0,0,NA,0,0,0,0,,,,,,
8/16/2019,Saint Marks,SMARB,Jenn McHenry,10,0,0,0,0,NA,0,0,0,0,,,,,,
8/20/2019,Saint Marks,SMAR24,Jenn McHenry,1,60,80,90,60,Thalassia testudinum,50,57,1,1,50,37.8,,,,
8/20/2019,Saint Marks,SMAR24,Jenn McHenry,1,60,80,90,60,Syringodium filiforme,45,40,1,1,50,37.8,,,,
8/20/2019,Saint Marks,SMAR24,Jenn McHenry,1,60,80,90,60,Acanthophora spicifera,5,,1,1,50,37.8,,,,
8/20/2019,Saint Marks,SMAR24,Jenn McHenry,2,60,25,90,40,Thalassia testudinum,50,49,1,1,32,31.9,,,,
8/20/2019,Saint Marks,SMAR24,Jenn McHenry,2,60,25,90,40,Syringodium filiforme,45,40,1,1,32,31.9,,,,
8/20/2019,Saint Marks,SMAR24,Jenn McHenry,2,60,25,90,40,Acanthophora spicifera,5,,1,1,32,31.9,,,,
8/20/2019,Saint Marks,SMAR24,Jenn McHenry,3,50,20,95,70,Thalassia testudinum,55,42,1,1,50,43.7,,,,
8/20/2019,Saint Marks,SMAR24,Jenn McHenry,3,50,20,95,70,Syringodium filiforme,40,51,1,1,50,43.7,,,,
8/20/2019,Saint Marks,SMAR24,Jenn McHenry,3,50,20,95,70,Acanthophora spicifera,5,,1,1,50,43.7,,,,
8/20/2019,Saint Marks,SMAR24,Jenn McHenry,4,50,50,9,75,Thalassia testudinum,33.33333333,45,0,0,,,,,,
8/20/2019,Saint Marks,SMAR24,Jenn McHenry,4,50,50,9,75,Syringodium filiforme,33.33333333,37,0,0,,,,,,
8/20/2019,Saint Marks,SMAR24,Jenn McHenry,4,50,50,9,75,Acanthophora spicifera,33.33333333,21,0,0,,,,,,
8/20/2019,Saint Marks,SMAR24,Jenn McHenry,5,20,100,100,95,Thalassia testudinum,5,50,0,0,,,,,,
8/20/2019,Saint Marks,SMAR24,Jenn McHenry,5,20,100,100,95,Syringodium filiforme,5,41,0,0,,,,,,
8/20/2019,Saint Marks,SMAR24,Jenn McHenry,5,20,100,100,95,Acanthophora spicifera,90,32,0,0,,,,,,
8/20/2019,Saint Marks,SMAR24,Jenn McHenry,6,50,20,90,60,Thalassia testudinum,30,53,0,0,,,,,,
8/20/2019,Saint Marks,SMAR24,Jenn McHenry,6,50,20,90,60,Syringodium filiforme,10,52,0,0,,,,,,
8/20/2019,Saint Marks,SMAR24,Jenn McHenry,6,50,20,90,60,Acanthophora spicifera,60,25,0,0,,,,,,
8/20/2019,Saint Marks,SMAR24,Jenn McHenry,7,40,100,100,65,Thalassia testudinum,40,47,0,0,,,,,,
8/20/2019,Saint Marks,SMAR24,Jenn McHenry,7,40,100,100,65,Syringodium filiforme,30,41,0,0,,,,,,
8/20/2019,Saint Marks,SMAR24,Jenn McHenry,7,40,100,100,65,Acanthophora spicifera,30,15,0,0,,,,,,
8/20/2019,Saint Marks,SMAR24,Jenn McHenry,8,60,30,90,80,Thalassia testudinum,80,53,0,0,,,,,,
8/20/2019,Saint Marks,SMAR24,Jenn McHenry,8,60,30,90,80,Syringodium filiforme,10,36,0,0,,,,,,
8/20/2019,Saint Marks,SMAR24,Jenn McHenry,8,60,30,90,80,Acanthophora spicifera,10,10,0,0,,,,,,
8/20/2019,Saint Marks,SMAR24,Jenn McHenry,9,30,100,90,70,Thalassia testudinum,50,50,0,0,,,,,,
8/20/2019,Saint Marks,SMAR24,Jenn McHenry,9,30,100,90,70,Syringodium filiforme,25,47,0,0,,,,,,
8/20/2019,Saint Marks,SMAR24,Jenn McHenry,9,30,100,90,70,Acanthophora spicifera,25,15,0,0,,,,,,
8/20/2019,Saint Marks,SMAR23,Jenn McHenry,1,60,10,40,90,Thalassia testudinum,70,44,1,1,50,44.9,,,,
8/20/2019,Saint Marks,SMAR23,Jenn McHenry,1,60,10,40,90,Acanthophora spicifera,30,19,1,1,50,44.9,,,,
8/20/2019,Saint Marks,SMAR23,Jenn McHenry,2,40,10,40,100,Thalassia testudinum,90,41,1,1,50,42.5,,,,
8/20/2019,Saint Marks,SMAR23,Jenn McHenry,2,40,10,40,100,Acanthophora spicifera,10,10,1,1,50,42.5,,,,
8/20/2019,Saint Marks,SMAR23,Jenn McHenry,3,5,100,70,100,Thalassia testudinum,80,56,1,1,33,Count Bags; there was an air bubble.,,,,
8/20/2019,Saint Marks,SMAR23,Jenn McHenry,3,5,100,70,100,Acanthophora spicifera,20,16,1,1,33,Count Bags; there was an air bubble.,,,,
8/20/2019,Saint Marks,SMAR23,Jenn McHenry,4,30,100,70,80,Thalassia testudinum,75,45,0,0,,,,,,
8/20/2019,Saint Marks,SMAR23,Jenn McHenry,4,30,100,70,80,Acanthophora spicifera,25,20,0,0,,,,,,
8/20/2019,Saint Marks,SMAR23,Jenn McHenry,5,60,30,90,100,Thalassia testudinum,80,52,0,0,,,,,,
8/20/2019,Saint Marks,SMAR23,Jenn McHenry,5,60,30,90,100,Syringodium filiforme,5,40,0,0,,,,,,
8/20/2019,Saint Marks,SMAR23,Jenn McHenry,5,60,30,90,100,Acanthophora spicifera,15,14,0,0,,,,,,
8/20/2019,Saint Marks,SMAR23,Jenn McHenry,6,50,100,50,100,Thalassia testudinum,15,56,0,0,,,,,,
8/20/2019,Saint Marks,SMAR23,Jenn McHenry,6,50,100,50,100,Acanthophora spicifera,85,25,0,0,,,,,,
8/20/2019,Saint Marks,SMAR23,Jenn McHenry,7,30,100,50,80,Thalassia testudinum,50,51,0,0,,,,,,
8/20/2019,Saint Marks,SMAR23,Jenn McHenry,7,30,100,50,80,Acanthophora spicifera,50,25,0,0,,,,,,
8/20/2019,Saint Marks,SMAR23,Jenn McHenry,8,10,100,90,40,Thalassia testudinum,100,50,0,0,,,,,,
8/20/2019,Saint Marks,SMAR23,Jenn McHenry,9,30,90,30,80,Thalassia testudinum,100,42,0,0,,,,,,
8/20/2019,Saint Marks,SMAR23,Jenn McHenry,10,30,100,40,80,Thalassia testudinum,100,57,0,0,,,,,,
8/20/2019,Saint Marks,SMARC,Jenn McHenry,1,0,0,0,0,NA,NA,NA,1,0,31.5,26.8,,,,
8/20/2019,Saint Marks,SMARC,Jenn McHenry,2,0,0,0,0,NA,NA,NA,1,0,31,33.3,,,,
8/20/2019,Saint Marks,SMARC,Jenn McHenry,3,0,0,0,0,NA,NA,NA,1,0,33.6,30.5,,,,
8/20/2019,Saint Marks,SMARC,Jenn McHenry,4,0,0,0,0,NA,NA,NA,0,0,,,,,,
8/20/2019,Saint Marks,SMARC,Jenn McHenry,5,0,0,0,0,NA,NA,NA,0,0,,,,,,
8/20/2019,Saint Marks,SMARC,Jenn McHenry,6,0,0,0,0,NA,NA,NA,0,0,,,,,,
8/20/2019,Saint Marks,SMARC,Jenn McHenry,7,0,0,0,0,NA,NA,NA,0,0,,,,,,
8/20/2019,Saint Marks,SMARC,Jenn McHenry,8,0,0,0,0,NA,NA,NA,0,0,,,,,,
8/20/2019,Saint Marks,SMARC,Jenn McHenry,9,0,0,0,0,NA,NA,NA,0,0,,,,,,
8/20/2019,Saint Marks,SMARC,Jenn McHenry,10,0,0,0,0,NA,NA,NA,0,0,,,,,,
8/30/2019,Saint Joe Bay,SJB16,Jenn McHenry,1,50,100,95,75,Thalassia testudinum,100,40,1,1,40,33.9,,,,
8/30/2019,Saint Joe Bay,SJB16,Jenn McHenry,2,25,100,75,50,Thalassia testudinum,100,48,1,1,40.3,33.9,,,,
8/30/2019,Saint Joe Bay,SJB16,Jenn McHenry,4,40,100,70,50,Thalassia testudinum,100,44,0,0,,,,,,
8/30/2019,Saint Joe Bay,SJB16,Jenn McHenry,5,60,40,95,75,Thalassia testudinum,100,44,0,0,,,,,,
8/30/2019,Saint Joe Bay,SJB16,Jenn McHenry,6,30,100,99,60,Thalassia testudinum,100,39,0,0,,,,,,
8/30/2019,Saint Joe Bay,SJB16,Jenn McHenry,7,50,100,70,80,Thalassia testudinum,100,50,0,0,,,,,,
8/30/2019,Saint Joe Bay,SJB16,Jenn McHenry,8,60,100,95,60,Thalassia testudinum,100,20,0,0,,,,,,
8/30/2019,Saint Joe Bay,SJB16,Jenn McHenry,9,70,100,95,75,Thalassia testudinum,100,30,0,0,,,,,,
8/30/2019,Saint Joe Bay,SJB16,Jenn McHenry,10,30,100,90,50,Thalassia testudinum,100,31,0,0,,,,,,
8/30/2019,Saint Joe Bay,SJB16,Jenn McHenry,3,50,100,85,60,Thalassia testudinum,100,42,1,1,40.3,29,,,,
8/30/2019,Saint Joe Bay,SJBC,Jenn McHenry,1,0,0,0,0,NA,NA,NA,1,0,40,29.9,,,,
8/30/2019,Saint Joe Bay,SJBC,Jenn McHenry,2,0,0,0,0,NA,NA,NA,1,0,30,24.5,,,,
8/30/2019,Saint Joe Bay,SJBC,Jenn McHenry,3,0,0,0,0,NA,NA,NA,1,0,40.1,37.5,,,,
8/30/2019,Saint Joe Bay,SJBC,Jenn McHenry,4,0,0,0,0,NA,NA,NA,0,0,,,,,,
8/30/2019,Saint Joe Bay,SJBC,Jenn McHenry,5,0,0,0,0,NA,NA,NA,0,0,,,,,,
8/30/2019,Saint Joe Bay,SJBC,Jenn McHenry,6,0,0,0,0,NA,NA,NA,0,0,,,,,,
8/30/2019,Saint Joe Bay,SJBC,Jenn McHenry,7,0,0,0,0,NA,NA,NA,0,0,,,,,,
8/30/2019,Saint Joe Bay,SJBC,Jenn McHenry,8,0,0,0,0,NA,NA,NA,0,0,,,,,,
8/30/2019,Saint Joe Bay,SJBC,Jenn McHenry,9,0,0,0,0,NA,NA,NA,0,0,,,,,,
8/30/2019,Saint Joe Bay,SJBC,Jenn McHenry,10,0,0,0,0,NA,NA,NA,0,0,,,,,,
