Start Date,Site Number,Quadrat,SpeciesName,Common Name,Type,"Biomass Component (i.e., AGB, DT)",Weight Boat ID,Boat Weight (g),Wet Weight (g),Dry Start Date,Dry Start Time (EST),Dry Weight (g),End Date,End Time (EST),Processing Notes,Dry_Weight_gDW
10/4/2019,STCH05,8,Acanthophora_spicifera,,Algae,AGB,NA,1.284,1.6442,,10:14,1.29,10/8/2019,10:17,,0.006
10/6/2019,STCH06,2,Acanthophora_spicifera,,Algae,AGB,NA,1.2815,1.8084,,10:35,1.3056,10/12/2019,10:35,,0.0241
10/6/2019,STCH05,2,Acanthophora_spicifera,,Algae,AGB,NA,1.2763,2.4376,,12:15,1.3346,10/12/2019,10:35,,0.0583
10/10/2019,STCH05,3,Acanthophora_spicifera,,Algae,AGB,p1,6.3653,13.5385,,10:34,6.6916,10/16/2016,10:45,,0.3263
10/18/2019,STCH06,3,Acanthophora_spicifera,,Algae,AGB,SA3,2.5017,21.0089,,10:42,3.5212,10/25/2019,8:15,,1.0195
10/18/2019,STCH06,6,Acanthophora_spicifera,,Algae,AGB,P5,6.3633,25.914,,10:42,7.0405,10/25/2019,8:15,,0.6772
10/22/2019,SJB14,2,Acanthophora_spicifera,,Algae,AGB,SA9,2.5217,2.5934,,8:15,2.5258,10/29/2019,8:45,,0.0041
11/8/2019,SJB06,3,Acanthophora_spicifera,,Algae,AGB,SA18,2.4984,2.9567,,9:20,2.5105,11/16/2019,9:20,,0.0121
1/13/2020,SMAR03,2,Acanthophora_spicifera,,Algae,AGB,SA21,2.4947,2.7057,,10:00,2.5056,1/21/2020,8:35,,0.0109
2/4/2020,SMAR01,10,Acanthophora_spicifera,,Algae,AGB,P17,6.2887,42.2722,2/6/2020,9:00,9.1072,2/10/2020,9:15,,2.8185
2/4/2020,SMAR14,2,Acanthophora_spicifera,,Algae,AGB,P2,6.3058,83.441,2/6/2020,9:00,9.0193,2/10/2020,9:15,,2.7135
2/11/2020,SMAR12,3,Acanthophora_spicifera,,Algae,AGB,SA17,2.6769,2.765,2/13/2020,9:30,2.5123,2/17/2020,9:15,,-0.1646
2/11/2020,SMAR12,2,Acanthophora_spicifera,,Algae,AGB,SA25,2.5178,6.7465,2/13/2020,9:30,2.7462,2/17/2020,9:15,,0.2284
2/18/2020,SMAR23,2,Acanthophora_spicifera,,Algae,AGB,SA18,2.53,5.1837,2/19/2020,5:00,2.6719,2/24/2020,3:40,,0.1419
2/21/2020,SMAR14,1,Acanthophora_spicifera,,Algae,AGB,SA12,2.5048,22.8749,2/24/2020,8:45,3.8735,2/28/2020,10:00,,1.3687
3/3/2020,SMAR23,1,Acanthophora_spicifera,,Algae,AGB,SA1,2.5254,6.8873,3/6/2020,12:13,2.7516,3/11/2020,9:00,,0.2262
3/3/2020,SMAR04,2,Acanthophora_spicifera,,Algae,AGB,SA12,6.5112,7.0703,3/6/2020,12:13,3.1067,3/11/2020,9:00,,-3.4045
3/6/2020,SMAR14,3,Acanthophora_spicifera,,Algae,AGB,SA7,2.4954,21.1474,3/6/2020,12:13,3.8395,3/11/2020,9:00,,1.3441
3/10/2020,SMAR24,1,Acanthophora_spicifera,,Algae,AGB,SA24,2.5137,8.3956,3/12/2029,9:00,2.818,3/17/2020,9:00,,0.3043
9/23/2020,SMAR23,3,Acanthophora_spicifera,,Algae,AGB,SA3,2.503,28.553,9/23/2020,10:38,4.226,9/28/2020,9:30,,1.723
10/10/2019,SJB02,2,Batillaria_minima,black horned snail,Animal,AGB,sa6,2.5012,4.3687,,10:34,3.6724,10/16/2016,10:45,,1.1712
10/10/2019,SJB02,2,Botryllus_planus,encrusted tunicate,Animal,AGB,sa5,2.5162,4.2822,,10:34,2.6853,10/16/2016,10:45,,0.1691
10/15/2019,SJB02,3,Botryllus_planus,encrusted tunicate,Animal,AGB,SA7,2.4951,8.0147,,11:00,3.1749,10/20/2019,10:40,,0.6798
1/24/2020,SMAR03,3,Ophiodermaappressum, harlequin brittle star,Animal,AGB,SA4,2.5133,2.5451,1/24/2020,11:35,2.517,1/29/2020,8:55,,0.0037
10/15/2019,SJB02,3,Crepidula_sp,slipper snail,Animal,AGB,SA10,2.485,3.058,,11:00,2.6591,10/20/2019,10:40,,0.1741
10/4/2019,STCH20,1,Detritus,,Detritus,DT,NA,3.7094,7.0772,,10:14,4.0725,10/8/2019,10:17,,0.3631
10/4/2019,STCH20,2,Detritus,,Detritus,DT,NA,5.6961,14.6681,,10:14,6.6586,10/8/2019,10:17,,0.9625
10/4/2019,STCH20,3,Detritus,,Detritus,DT,NA,4.4222,10.0111,,10:14,5.0498,10/8/2019,10:17,,0.6276
10/4/2019,STCH05,8,Detritus,,Detritus,DT,NA,3.0119,11.203,,10:14,3.3865,10/8/2019,10:17,,0.3746
10/6/2019,STCH06,1,Detritus,,Detritus,DT,NA,1.2698,7.1545,,10:35,1.8374,10/12/2019,10:35,,0.5676
10/6/2019,STCH06,2,Detritus,,Detritus,DT,NA,1.2799,10.0109,,10:35,1.9827,10/12/2019,10:35,,0.7028
10/6/2019,STCH05,1,Detritus,,Detritus,DT,NA,1.2872,3.3928,,11:52,1.4574,10/12/2019,10:35,,0.1702
10/6/2019,STCH05,2,Detritus,,Detritus,DT,NA,5.6319,27.7703,,12:15,8.1703,10/12/2019,10:35,,2.5384
10/10/2019,STCH05,3,Detritus,,Detritus,DT,sa1,2.5168,17.1908,,10:34,3.4038,10/16/2016,10:45,,0.887
10/10/2019,SJB02,2,Detritus,,Detritus,DT,p2,6.4259,60.1859,,10:34,9.9376,10/16/2016,10:45,,3.5117
10/15/2019,SJB02,1,Detritus,,Detritus,DT,p12,6.1356,38.1898,,11:00,9.2184,10/20/2019,10:40,,3.0828
10/15/2019,SJB02,3,Detritus,,Detritus,DT,p14,6.1021,74.9304,,11:00,12.1855,10/20/2019,10:40,,6.0834
10/18/2019,STCH06,3,Detritus,,Detritus,DT,P2,6.3316,19.6419,,10:42,7.3516,10/25/2019,8:15,,1.02
10/18/2019,STCH06,6,Detritus,,Detritus,DT,P3,6.3057,16.4521,,10:42,6.9877,10/25/2019,8:15,,0.682
10/22/2019,SJB14,1,Detritus,,Detritus,DT,SA7,2.4971,5.3742,,8:15,2.866,10/29/2019,8:45,,0.3689
10/22/2019,SJB14,2,Detritus,,Detritus,DT,SA8,2.5282,6.4596,,8:15,3.025,10/29/2019,8:45,,0.4968
10/25/2019,SJB13,2,Detritus,,Detritus,DT,P12,6.0632,23.4402,,8:45,8.1573,11/2/2019,10:00,,2.0941
10/25/2019,SJB13,3,Detritus,,Detritus,DT,SA19,2.4877,8.6278,,8:45,2.9621,11/2/2019,10:00,,0.4744
10/25/2019,SJB14,3,Detritus,,Detritus,DT,SA12,2.504,4.6051,,8:45,2.8696,11/2/2019,10:00,,0.3656
10/29/2019,SJB13,1,Detritus,,Detritus,DT,SA22,2.5078,47.0468,,10:10,9.0853,11/6/2019,10:00,,6.5775
10/29/2019,SJB07,1,Detritus,,Detritus,DT,SA10,2.4889,5.7574,,10:10,2.789,11/6/2019,10:00,,0.3001
11/1/2019,SJB07,2,Detritus,,Detritus,DT,SA8,2.5268,18.4663,,10:10,4.3756,11/6/2019,10:00,,1.8488
11/5/2019,SJB06,1,Detritus,,Detritus,DT,P11,6.1469,12.428,,10:10,6.6854,11/12/2019,9:15,,0.5385
11/5/2019,SJB07,3,Detritus,,Detritus,DT,P13,6.0785,21.8946,,10:10,7.9634,11/12/2019,9:15,,1.8849
11/8/2019,SJB06,2,Detritus,,Detritus,DT,SA7,2.4949,16.9338,,9:20,4.2677,11/16/2019,9:20,,1.7728
11/8/2019,SJB06,3,Detritus,,Detritus,DT,SA24,2.5135,12.8292,,9:20,3.307,11/16/2019,9:20,,0.7935
11/15/2019,SJB17,1,Detritus,,Detritus,DT,SA10,2.4829,20.4005,,9:25,4.178,11/20/2019,9:35,,1.6951
11/15/2019,SJB17,2,Detritus,,Detritus,DT,SA3,2.503,11.7493,,9:25,3.2467,11/20/2019,9:35,,0.7437
12/3/2019,SJB10,2,Detritus,,Detritus,DT,SA17,2.4908,15.0607,,10:25,3.1742,12/9/2019,9:25,,0.6834
12/6/2019,SJB17,3,Detritus,,Detritus,DT,SA24,2.512,41.0475,,9:42,5.5276,12/13/2019,9:50,,3.0156
1/7/2020,SMAR03,1,Detritus,,Detritus,DT,P8,6.4067,110.4014,,9:45,16.1061,1/15/2020,9:25,,9.6994
1/13/2020,SMAR03,2,Detritus,,Detritus,DT,SA3,2.5017,31.5401,,10:00,6.2107,1/21/2020,8:35,,3.709
1/24/2020,SMAR03,3,Detritus,,Detritus,DT,P13,6.0765,68.9587,1/24/2020,11:35,13.0102,1/29/2020,8:55,,6.9337
1/28/2020,SMAR04,1,Detritus,,Detritus,DT,P17,6.1259,94.0513,1/29/2020,10:30,14.0572,2/3/2020,8:55,,7.9313
2/4/2020,SMAR01,9,Detritus,,Detritus,DT,SA21,2.4963,13.5334,2/6/2020,9:00,3.3275,2/10/2020,9:15,,0.8312
2/4/2020,SMAR14,2,Detritus,,Detritus,DT,P11,6.1658,47.9919,2/6/2020,9:00,14.0446,2/10/2020,9:15,,7.8788
2/11/2020,SMAR12,3,Detritus,,Detritus,DT,P16,6.4113,96.1258,2/13/2020,9:30,13.9031,2/17/2020,9:15,,7.4918
2/11/2020,SMAR12,2,Detritus,,Detritus,DT,P18,5.9133,119.8554,2/13/2020,9:30,15.5912,2/17/2020,9:15,,9.6779
2/11/2020,SMAR12,1,Detritus,,Detritus,DT,P15,6.1404,88.2787,2/13/2020,9:30,12.7308,2/17/2020,9:15,,6.5904
2/18/2020,SMAR24,2,Detritus,,Detritus,DT,SA22,2.5259,38.535,2/19/2020,5:00,4.9072,2/24/2020,3:40,,2.3813
2/18/2020,SMAR23,2,Detritus,,Detritus,DT,P7,6.4781,126.3947,2/19/2020,5:00,17.9338,2/24/2020,3:40,,11.4557
2/21/2020,SMAR14,1,Detritus,,Detritus,DT,P2,6.3076,77.4968,2/24/2020,8:45,15.0004,2/28/2020,10:00,,8.6928
2/25/2020,SMAR04,3,Detritus,,Detritus,DT,P11,6.1507,127.2308,2/26/2020,11:13,15.7394,3/2/2020,8:40,,9.5887
2/26/2020,SMAR25,2,Detritus,,Detritus,DT,P5,6.3524,120.3383,2/26/2020,11:13,14.7961,3/2/2020,8:40,,8.4437
3/3/2020,SMAR23,1,Detritus,,Detritus,DT,P2,6.305,109.4828,3/6/2020,12:13,16.9704,3/11/2020,9:00,,10.6654
3/3/2020,SMAR04,2,Detritus,,Detritus,DT,P4,6.3876,120.4716,3/6/2020,12:13,15.5248,3/11/2020,9:00,,9.1372
3/6/2020,SMAR14,3,Detritus,,Detritus,DT,P12,6.1272,92.9885,3/6/2020,12:13,17.4913,3/11/2020,9:00,,11.3641
3/10/2020,SMAR24,3,Detritus,,Detritus,DT,SA25,2.5214,42.8955,3/12/2029,9:00,5.027,3/17/2020,9:00,,2.5056
3/10/2020,SMAR24,1,Detritus,,Detritus,DT,SA6,2.5012,41.6248,3/12/2029,9:00,5.1287,3/17/2020,9:00,,2.6275
3/13/2020,SJB16,2,Detritus,,Detritus,DT,SA21,2.4968,11.3503,3/12/2020,11:10,3.2445,3/17/2020,9:00,,0.7477
9/16/2020,STCH02,2,Detritus,,Detritus,DT,P17,6.302,15.6861,9/16/2020,9:45,7.099,9/21/2020,12:00,,0.797
9/16/2020,STCH02,1,Detritus,,Detritus,DT,P5,6.3485,21.1182,9/16/2020,10:20,7.63,9/21/2020,12:00,,1.2815
9/23/2020,SMAR25,1,detritus,,Detritus,DT,P7,6.446,164.013,9/23/2020,9:53,19.174,9/28/2020,9:30,,12.728
9/23/2020,SMAR23,3,detritus,,Detritus,DT,P11,6.162,137.813,9/23/2020,10:38,18.296,9/28/2020,9:30,,12.134
9/23/2020,SJB10,1,Detritus,,Detritus,DT,P10,6.383,33.521,9/23/2020,10:59,9.182,9/28/2020,9:30,,2.799
9/30/2020,SJB16,1,Detritus,,Detritus,DT,P15,6.1401,16.6647,9/30/2020,9:03,7.1251,10/5/2020,8:38,,0.985
10/22/2019,SJB14,1,Epiphytes,,Algae,AGB,SA10,2.4836,37.4945,,8:15,9.9884,10/29/2019,8:45,,7.5048
10/22/2019,SJB14,2,Epiphytes,,Algae,AGB,SA11,2.4909,19.1571,,8:15,5.5652,10/29/2019,8:45,,3.0743
10/25/2019,SJB13,2,Epiphytes,,Algae,AGB,SA21,2.4964,4.2999,,8:45,2.7466,11/2/2019,10:00,,0.2502
10/25/2019,SJB14,3,Epiphytes,,Algae,AGB,SA18,2.4996,15.203,,8:45,4.8236,11/2/2019,10:00,,2.324
10/29/2019,SJB 13,1,Epiphytes,,Algae,AGB,SA24,2.5886,22.1487,,10:10,5.53,11/6/2019,10:00,,2.9414
11/1/2019,SJB07,2,Epiphytes,,Algae,AGB,SA3,2.5021,8.6013,,10:10,2.9684,11/6/2019,10:00,,0.4663
11/5/2019,SJB07,3,Epiphytes,,Algae,AGB,SA5,2.5159,44.2695,,10:10,8.8548,11/12/2019,9:15,,6.3389
11/15/2019,SJB17,1,Epiphytes,,Algae,AGB,SA11,2.4909,24.337,,9:25,5.5613,11/20/2019,9:35,,3.0704
11/15/2019,SJB17,2,epiphytes,,Algae,AGB,SA21,2.4955,23.1167,,9:25,5.1218,11/20/2019,9:35,,2.6263
12/3/2019,SJB10,2,Epiphytes,,Algae,AGB,SA9,2.5231,33.6611,,10:25,4.5792,12/9/2019,9:25,,2.0561
12/6/2019,SJB17,3,Epiphytes,,Algae,AGB,SA22,2.5066,48.5843,,9:42,9.2447,12/13/2019,9:50,,6.7381
1/13/2020,SMAR03,2,Epiphytes,,Algae,AGB,SA12,2.5037,34.1304,,10:00,5.9215,1/21/2020,8:35,,3.4178
1/24/2020,SMAR03,3,Epiphytes,,Algae,AGB,SA10,2.4833,20.7134,1/24/2020,11:35,5.313,1/29/2020,8:55,,2.8297
1/28/2020,SMAR04,1,Epiphytes,,Algae,AGB,SA17,2.5145,24.4981,1/29/2020,10:30,4.4592,2/3/2020,8:55,,1.9447
2/11/2020,SMAR12,3,Epiphytes,,Algae,AGB,SA24,2.5287,11.6005,2/13/2020,9:30,3.5132,2/17/2020,9:15,,0.9845
2/21/2020,SMAR14,1,epiphytes,,Algae,AGB,SA17,2.4951,23.2887,2/24/2020,8:45,5.1935,2/28/2020,10:00,,2.6984
3/13/2020,SJB16,2,epiphytes,,Algae,AGB,SA4,2.5154,7.9341,3/12/2020,11:10,2.8446,3/17/2020,9:00,,0.3292
9/16/2020,STCH02,2,epiphytes,,Algae,AGB,SA1,2.5176,16.6605,9/16/2020,9:45,3.196,9/21/2020,12:00,,0.6784
9/16/2020,STCH02,1,epiphytes,,Algae,AGB,SA2,2.4854,24.6333,9/16/2020,10:20,3.485,9/21/2020,12:00,,0.9996
10/4/2019,STCH05,8,Filamentous_algae,,Algae,AGB,NA,1.2736,2.2788,,10:14,1.3054,10/8/2019,10:17,,0.0318
10/6/2019,STCH06,1,Filamentous_algae,,Algae,AGB,NA,1.2771,9.4456,,10:35,1.7932,10/12/2019,10:35,,0.5161
10/6/2019,STCH06,2,Filamentous_algae,,Algae,AGB,NA,1.2729,2.7082,,10:35,1.3544,10/12/2019,10:35,,0.0815
10/6/2019,STCH05,1,Filamentous_algae,,Algae,AGB,NA,1.2786,8.5928,,11:52,1.767,10/12/2019,10:35,,0.4884
10/10/2019,STCH05,3,Filamentous_algae,,Algae,AGB,sa3,2.5036,4.8304,,10:34,2.6008,10/16/2016,10:45,,0.0972
10/15/2019,SJB02,1,Filamentous_algae,,Algae,AGB,SA8,2.5281,2.7216,,11:00,2.5388,10/20/2019,10:40,,0.0107
10/25/2019,SJB13,2,Filamentous_algae,,Algae,AGB,SA25,2.5165,2.6863,,8:45,2.5224,11/2/2019,10:00,,0.0059
11/1/2019,SJB07,2,Filamentous_algae,,Algae,AGB,SA17,2.4953,3.0953,,10:10,2.5365,11/6/2019,10:00,,0.0412
11/15/2019,SJB17,1,Filamentous_algae,,Algae,AGB,SA12,2.5042,2.6438,,9:25,2.516,11/20/2019,9:35,,0.0118
11/15/2019,SJB17,2,Filamentous_algae,,Algae,AGB,SA9,2.5212,5.8224,,9:25,2.7531,11/20/2019,9:35,,0.2319
12/6/2019,SJB17,3,Filamentous_algae,,Algae,AGB,SA4,2.511,4.0718,,9:42,3.042,12/13/2019,9:50,,0.531
1/7/2020,SMAR03,1,Filamentous_algae,,Algae,AGB,P11,6.1803,59.3972,,9:45,8.695,1/15/2020,9:25,,2.5147
1/13/2020,SMAR03,2,Filamentous_algae,,Algae,AGB,SA22,2.5073,11.0789,,10:00,3.1434,1/21/2020,8:35,,0.6361
1/24/2020,SMAR03,3,Filamentous_algae,,Algae,AGB,SA24,2.5139,11.1532,1/24/2020,11:35,3.2173,1/29/2020,8:55,,0.7034
1/28/2020,SMAR04,1,Filamentous_algae,,Algae,AGB,SA7,2.539,5.7782,1/29/2020,10:30,2.6727,2/3/2020,8:55,,0.1337
2/11/2020,SMAR12,3,Filamentous_algae,,Algae,AGB,SA12,2.5085,2.6778,2/13/2020,9:30,2.5282,2/17/2020,9:15,,0.0197
2/11/2020,SMAR12,2,Filamentous_algae,,Algae,AGB,SA10,2.4867,3.3873,2/13/2020,9:30,2.5767,2/17/2020,9:15,,0.09
2/18/2020,SMAR24,2,Filamentous_algae,,Algae,AGB,SA21,2.5145,9.9868,2/19/2020,5:00,2.9011,2/24/2020,3:40,,0.3866
2/18/2020,SMAR23,2,Filamentous_algae,,Algae,AGB,SA19,2.5054,2.609,2/19/2020,5:00,2.4942,2/24/2020,3:40,,-0.0112
2/21/2020,SMAR14,1,Filamentous_algae,,Algae,AGB,SA8,2.5285,14.1197,2/24/2020,8:45,3.2907,2/28/2020,10:00,,0.7622
2/25/2020,SMAR04,3,Filamentous_algae,,Algae,AGB,SA25,2.517,5.7237,2/26/2020,11:13,2.6577,3/2/2020,8:40,,0.1407
2/25/2020,SMAR25,2,Filamentous_algae,,Algae,AGB,SA13,2.4884,19.4025,2/26/2020,11:13,3.3075,3/2/2020,8:40,,0.8191
3/3/2020,SMAR23,1,Filamentous_algae,,Algae,AGB,SA9,2.5305,12.1568,3/6/2020,12:13,3.0438,3/11/2020,9:00,,0.5133
3/3/2020,SMAR04,2,Filamentous_algae,,Algae,AGB,SA17,2.4975,5.4839,3/6/2020,12:13,2.6353,3/11/2020,9:00,,0.1378
3/6/2020,SMAR14,3,Filamentous_algae,,Algae,AGB,SA16,2.4858,4.691,3/6/2020,12:13,2.5777,3/11/2020,9:00,,0.0919
3/10/2020,SMAR24,3,Filamentous_algae,,Algae,AGB,SA18,2.4991,5.4248,3/12/2029,9:00,2.607,3/17/2020,9:00,,0.1079
3/10/2020,SMAR24,1,Filamentous_algae,,Algae,AGB,SA13,2.484,6.3375,3/12/2029,9:00,2.6501,3/17/2020,9:00,,0.1661
9/23/2020,SMAR25,1,Filamentous_algae,,Algae,AGB,SA11,2.505,11.699,9/23/2020,9:53,3.21,9/28/2020,9:30,,0.705
9/23/2020,SMAR23,3,Filamentous_algae,,Algae,AGB,SA20,2.53,20.372,9/23/2020,10:38,3.465,9/28/2020,9:30,,0.935
10/6/2019,STCH05,1,Red_Alga_Fuzzy,,Algae,AGB,NA,1.2763,1.6829,,11:52,1.3093,10/12/2019,10:35,,0.033
10/10/2019,STCH05,3,Red_Alga_Fuzzy,,Algae,AGB,p8,6.4256,37.7043,,10:34,8.2379,10/16/2016,10:45,,1.8123
10/18/2019,STCH06,3,Red_Alga_Fuzzy,,Algae,AGB,SA5,2.5163,5.5296,,10:42,2.7497,10/25/2019,8:15,,0.2334
1/7/2020,SMAR03,1,Red_Alga_Fuzzy,,Algae,AGB,SA10,2.5017,3.3634,,9:45,2.5792,1/15/2020,9:25,,0.0775
2/4/2020,SMAR01,9,Red_Alga_Fuzzy,,Algae,AGB,SA4,2.5119,2.561,2/6/2020,9:00,2.5151,2/10/2020,9:15,,0.0032
10/6/2019,STCH05,1,Halimeda_incrassata,,Algae,AGB,NA,1.2835,7.8866,,11:52,3.1738,10/12/2019,10:35,,1.8903
10/6/2019,STCH05,2,Halimeda_incrassata,,Algae,AGB,NA,1.2783,9.284,,12:15,2.907,10/12/2019,10:35,,1.6287
10/10/2019,STCH05,3,Halimeda_incrassata,,Algae,AGB,p6,6.603,16.3165,,10:34,7.8906,10/16/2016,10:45,,1.2876
2/25/2020,SMAR04,3,Halimeda_incrassata,,Algae,AGB,SA10,2.4879,2.7391,2/26/2020,11:13,2.5682,3/2/2020,8:40,,0.0803
2/25/2020,SMAR25,2,Halimeda_incrassata,,Algae,AGB,SA16,2.488,4.1765,2/26/2020,11:13,2.8289,3/2/2020,8:40,,0.3409
10/18/2019,STCH06,6,Halimeda_incrassata,,Algae,AGB,SA16,2.485,3.8224,,10:42,2.735,10/25/2019,8:15,,0.25
10/6/2019,STCH06,1,Halodule_wrightii,shoal grass,SAV,AGB,NA,1.2757,1.5223,,10:35,1.3164,10/12/2019,10:35,,0.0407
10/6/2019,STCH06,2,Halodule_wrightii,shoal grass,SAV,AGB,NA,34.603,40.706,,10:35,35.147,10/12/2019,10:35,,0.544
10/10/2019,STCH05,3,Halodule_wrightii,shoal grass,SAV,AGB,p9,6.4277,10.2517,,10:34,6.714,10/16/2016,10:45,,0.2863
10/18/2019,STCH06,3,Halodule_wrightii,shoal grass,SAV,AGB,SA6,2.4996,5.0281,,10:42,2.6734,10/25/2019,8:15,,0.1738
10/18/2019,STCH06,6,Halodule_wrightii,shoal grass,SAV,AGB,P6,6.372,10.3025,,10:42,6.6553,10/25/2019,8:15,,0.2833
10/25/2019,SJB13,2,Halodule_wrightii,shoal grass,SAV,AGB,P14,6.1257,61.1601,,8:45,11.4425,11/2/2019,10:00,,5.3168
10/25/2019,SJB13,3,Halodule_wrightii,shoal grass,SAV,AGB,P19,6.0607,90.4058,,8:45,14.5856,11/2/2019,10:00,,8.5249
10/29/2019,SJB07,1,Halodule_wrightii,shoal grass,SAV,AGB,P2,6.3758,82.6263,,10:10,14.039,11/6/2019,10:00,,7.6632
11/1/2019,SJB07,2,Halodule_wrightii,shoal grass,SAV,AGB,SA9,2.5267,7.5532,,10:10,2.947,11/6/2019,10:00,,0.4203
11/5/2019,SJB06,1,Halodule_wrightii,shoal grass,SAV,AGB,P1,6.3795,37.9135,,10:10,9.7488,11/12/2019,9:15,,3.3693
11/5/2019,SJB07,3,Halodule_wrightii,shoal grass,SAV,AGB,P17,6.1237,8.3509,,10:10,6.3839,11/12/2019,9:15,,0.2602
11/8/2019,SJB06,2,Halodule_wrightii,shoal grass,SAV,ABG,P16,6.4454,40.1261,,9:20,9.5969,11/16/2019,9:20,,3.1515
11/8/2019,SJB06,3,Halodule_wrightii,shoal grass,SAV,AGB,P2,6.3087,54.315,,9:20,11.2012,11/16/2019,9:20,,4.8925
11/15/2019,SJB17,2,Halodule_wrightii,shoal grass,SAV,AGB,SA4,2.5121,2.5161,,9:25,2.5149,11/20/2019,9:35,,0.0028
2/18/2020,SMAR24,2,Halodule_wrightii,shoal grass,SAV,AGB,SA20,2.5058,5.1645,2/19/2020,5:00,2.7737,2/24/2020,3:40,,0.2679
2/18/2020,SMAR23,2,Halodule_wrightii,shoal grass,SAV,AGB,SA5,2.5144,2.7496,2/19/2020,5:00,2.5338,2/24/2020,3:40,,0.0194
2/25/2020,SMAR25,2,Halodule_wrightii,shoal grass,SAV,AGB,SA2,2.4858,4.2128,2/26/2020,11:13,2.6734,3/2/2020,8:40,,0.1876
3/10/2020,SMAR24,3,Halodule_wrightii,shoal grass,SAV,AGB,SA2,2.4851,4.9295,3/12/2029,9:00,2.7601,3/17/2020,9:00,,0.275
9/23/2020,SMAR25,1,Halodule_wrightii,shoal grass,SAV,AGB,SA15,2.531,9.067,9/23/2020,9:53,3.191,9/28/2020,9:30,,0.66
10/4/2019,STCH05,8,Halophila_decipiens,paddle grass,SAV,AGB,NA,1.2929,1.6811,,10:14,1.3281,10/8/2019,10:17,,0.0352
10/6/2019,STCH06,2,Halophila_decipiens,paddle grass,SAV,AGB,NA,33.7508,39.1696,,10:35,34.4438,10/12/2019,10:35,,0.693
10/18/2019,STCH06,3,Halophila_decipiens,paddle grass,SAV,AGB,SA1,2.5152,7.8362,,10:42,3.1277,10/25/2019,8:15,,0.6125
10/18/2019,STCH06,6,Halophila_decipiens,paddle grass,SAV,AGB,SA15,2.5185,3.3445,,10:42,2.5913,10/25/2019,8:15,,0.0728
10/25/2019,SJB13,3,Halophila_decipiens,paddle grass,SAV,AGB,SA20,2.4861,4.6155,,8:45,2.6833,11/2/2019,10:00,,0.1972
2/25/2020,SMAR04,3,Halophila_decipiens,paddle grass,SAV,AGB,SA7,2.4999,4.5578,2/26/2020,11:13,2.9819,3/2/2020,8:40,,0.482
2/25/2020,SMAR25,2,Halophila_decipiens,paddle grass,SAV,AGB,SA11,2.4922,2.7264,2/26/2020,11:13,2.5586,3/2/2020,8:40,,0.0664
3/10/2020,SMAR24,3,Halophila_decipiens,paddle grass,SAV,AGB,SA10,2.4842,2.8334,3/12/2029,9:00,2.6042,3/17/2020,9:00,,0.12
3/10/2020,SMAR24,1,Halophila_decipiens,paddle grass,SAV,AGB,SA5,2.5039,2.5461,3/12/2029,9:00,2.5183,3/17/2020,9:00,,0.0144
9/23/2020,SMAR25,1,Halophila_decipiens,paddle grass,SAV,AGB,SA12,2.508,3.349,9/23/2020,9:53,2.664,9/28/2020,9:30,,0.156
9/23/2020,SMAR23,3,Halophila_decipiens,paddle grass,SAV,AGB,SA19,2.487,3.508,9/23/2020,10:38,2.627,9/28/2020,9:30,,0.14
10/4/2019,STCH20,2,Halophila_engelmanni,star grass,SAV,AGB,NA,1.2711,4.7932,,10:14,1.4965,10/8/2019,10:17,,0.2254
10/6/2019,STCH06,1,Halophila_engelmanni,star grass,SAV,AGB,NA,1.2737,4.0474,,10:35,1.4646,10/12/2019,10:35,,0.1909
10/15/2019,SJB02,3,Hormomyaexusta,scorched mussel,Animal,AGB,SA11,2.4916,2.7178,,11:00,2.6073,10/20/2019,10:40,,0.1157
10/18/2019,STCH06,3,Hormomyaexusta,scorched mussel,Animal,AGB,SA14,2.4835,3.2513,,10:42,2.6918,10/25/2019,8:15,,0.2083
11/15/2019,SJB17,1,Hormomyaexusta,scorched mussel,Animal,AGB,SA22,2.5079,2.518,,9:25,2.511,11/20/2019,9:35,,0.0031
2/4/2020,SMAR01,10,Hormomyaexusta,scorched mussel,Animal,AGB,SA19,2.4906,3.3874,2/6/2020,9:00,2.7619,2/10/2020,9:15,,0.2713
10/10/2019,STCH05,3,JuvenileCrab,,Animal,AGB,sa2,2.4855,2.7543,,10:34,2.5452,10/16/2016,10:45,,0.0597
10/15/2019,SJB02,1,Modulusmodulus,Atlantic modulus,Animal,AGB,SA9,2.5221,3.1859,,11:00,2.9149,10/20/2019,10:40,,0.3928
10/15/2019,SJB02,3,Modulusmodulus,Atlantic modulus,Animal,AGB,SA12,2.5055,5.1735,,11:00,3.7942,10/20/2019,10:40,,1.2887
9/30/2020,STCH04,3,NA,,Animal,AGB,,,,,,,,,,0
10/10/2019,SJB02,2,Ophiodermaappressum, harlequin brittle star,Animal,,sa4,2.5132,3.0227,,10:34,2.7421,10/16/2016,10:45,,0.2289
10/6/2019,STCH05,1,Penicillus_sp,mermaid's paint brush,Algae,AGB,NA,1.2757,1.6847,,11:52,1.2935,10/12/2019,10:35,,0.0178
10/18/2019,STCH06,3,Penicillus_sp,mermaid's paint brush,Algae,AGB,SA2,2.4831,10.1734,,10:42,4.9721,10/25/2019,8:15,,2.489
9/23/2020,SMAR25,1,Penicillus_sp,mermaid's paint brush,Algae,AGB,SA13,2.485,5.438,9/23/2020,9:53,3.007,9/28/2020,9:30,,0.522
10/18/2019,STCH06,6,Penicillus_sp,mermaid's paint brush,Algae,ABG,SA17,2.4932,2.8913,,10:42,2.5555,10/25/2019,8:15,,0.0623
10/6/2019,STCH05,1,Ruppia_maritima,widgeon grass,SAV,AGB,NA,34.3087,51.1651,,11:52,35.3432,10/12/2019,10:35,,1.0345
10/6/2019,STCH05,2,Ruppia_maritima,widgeon grass,SAV,AGB,NA,11.1249,54.8509,,12:15,15.4565,10/12/2019,10:35,may also have halodule,4.3316
10/10/2019,STCH05,3,Ruppia_maritima,widgeon grass,SAV,AGB,p7,6.7315,20.6412,,10:34,7.5727,10/16/2016,10:45,,0.8412
10/4/2019,STCH05,8,Syringodium_filiforme,manatee grass,SAV,AGB,NA,5.045,58.1529,,10:14,9.0931,10/8/2019,10:17,,4.0481
10/6/2019,STCH06,1,Syringodium_filiforme,manatee grass,SAV,AGB,NA,34.9369,60.8095,,10:35,36.7022,10/12/2019,10:35,,1.7653
10/6/2019,STCH06,2,Syringodium_filiforme,manatee grass,SAV,AGB,NA,34.5256,76.464,,10:35,37.9221,10/12/2019,10:35,,3.3965
10/18/2019,STCH06,3,Syringodium_filiforme,manatee grass,SAV,AGB,P1,6.3561,32.279,,10:42,8.5339,10/25/2019,8:15,,2.1778
10/18/2019,STCH06,6,Syringodium_filiforme,manatee grass,SAV,AGB,P4,6.4017,46.3011,,10:42,9.7483,10/25/2019,8:15,,3.3466
10/25/2019,SJB13,2,Syringodium_filiforme,manatee grass,SAV,AGB,P13,6.0782,28.0298,,8:45,6.6588,11/2/2019,10:00,,0.5806
10/25/2019,SJB13,3,Syringodium_filiforme,manatee grass,SAV,AGB,P18,5.9445,20.8835,,8:45,6.9887,11/2/2019,10:00,,1.0442
1/13/2020,SMAR03,2,Syringodium_filiforme,manatee grass,SAV,AGB,SA18,2.4978,9.9221,,10:00,3.1794,1/21/2020,8:35,,0.6816
2/4/2020,SMAR01,10,Syringodium_filiforme,manatee grass,SAV,AGB,SA3,2.5041,2.5483,2/6/2020,9:00,2.5076,2/10/2020,9:15,,0.0035
2/4/2020,SMAR01,9,Syringodium_filiforme,manatee grass,SAV,AGB,P6,6.3571,54.2734,2/6/2020,9:00,9.7969,2/10/2020,9:15,,3.4398
2/11/2020,SMAR12,3,Syringodium_filiforme,manatee grass,SAV,AGB,SA7,2.4972,3.6,2/13/2020,9:30,2.5284,2/17/2020,9:15,,0.0312
2/11/2020,SMAR12,1,Syringodium_filiforme,manatee grass,SAV,AGB,P7,6.4507,19.7854,2/13/2020,9:30,7.4676,2/17/2020,9:15,,1.0169
2/18/2020,SMAR24,2,Syringodium_filiforme,manatee grass,SAV,AGB,P16,6.3803,19.2803,2/19/2020,5:00,7.5079,2/24/2020,3:40,,1.1276
2/25/2020,SMAR25,2,Syringodium_filiforme,manatee grass,SAV,AGB,P12,6.1513,38.4663,2/26/2020,11:13,8.8006,3/2/2020,8:40,,2.6493
3/3/2020,SMAR23,1,Syringodium_filiforme,manatee grass,SAV,AGB,P13,6.073,9.5003,3/6/2020,12:13,6.3907,3/11/2020,9:00,,0.3177
3/10/2020,SMAR24,3,Syringodium_filiforme,manatee grass,SAV,AGB,P7,6.4288,24.0427,3/12/2029,9:00,7.8192,3/17/2020,9:00,,1.3904
3/10/2020,SMAR24,1,Syringodium_filiforme,manatee grass,SAV,AGB,P11,6.1815,21.8631,3/12/2029,9:00,7.4904,3/17/2020,9:00,,1.3089
9/23/2020,SMAR25,1,Syringodium_filiforme,manatee grass,SAV,AGB,P18,6.078,29.982,9/23/2020,9:53,7.954,9/28/2020,9:30,,1.876
2/4/2020,SMAR01,9,Thalassia_testudinum,turtle grass,SAV,AGB,P13,6.1032,63.234,2/6/2020,9:00,11.9316,2/10/2020,9:15,,5.8284
2/4/2020,SMAR14,2,Thalassia_testudinum,turtle grass,SAV,AGB,P12,6.1291,67.2149,2/6/2020,9:00,12.6127,2/10/2020,9:15,,6.4836
2/4/2020,SMAR14,2,Thalassia_testudinum,turtle grass,SAV,AGB,P8,6.3866,73.6977,2/6/2020,9:00,13.631,2/10/2020,9:15,,7.2444
2/11/2020,SMAR12,3,Thalassia_testudinum,turtle grass,SAV,AGB,P14,6.1022,80.6383,2/13/2020,9:30,15.2094,2/17/2020,9:15,,9.1072
2/11/2020,SMAR12,3,Thalassia_testudinum,turtle grass,SAV,AGB,P9,6.4411,96.9427,2/13/2020,9:30,18.4665,2/17/2020,9:15,,12.0254
2/11/2020,SMAR12,2,Thalassia_testudinum,turtle grass,SAV,AGB,P3,6.309,31.3001,2/13/2020,9:30,8.8136,2/17/2020,9:15,,2.5046
2/11/2020,SMAR12,2,Thalassia_testudinum,turtle grass,SAV,AGB,P1,6.3502,137.5703,2/13/2020,9:30,23.0919,2/17/2020,9:15,,16.7417
2/11/2020,SMAR12,1,Thalassia_testudinum,turtle grass,SAV,AGB,P19,6.0389,99.3597,2/13/2020,9:30,18.1567,2/17/2020,9:15,,12.1178
2/18/2020,SMAR24,2,Thalassia_testudinum,turtle grass,SAV,AGB,P19,6.0351,60.562,2/19/2020,5:00,14.1684,2/24/2020,3:40,,8.1333
2/18/2020,SMAR23,2,Thalassia_testudinum,turtle grass,SAV,AGB,P18,5.9365,108.1349,2/19/2020,5:00,20.61202,2/24/2020,3:40,,14.67552
2/21/2020,SMAR14,1,Thalassia_testudinum,turtle grass,SAV,AGB,P13,6.0814,55.9662,2/24/2020,8:45,12.4001,2/28/2020,10:00,,6.3187
2/21/2020,SMAR14,1,Thalassia_testudinum,turtle grass,SAV,AGB,P17,6.2865,47.1615,2/24/2020,8:45,11.1326,2/28/2020,10:00,,4.8461
2/25/2020,SMAR04,3,Thalassia_testudinum,turtle grass,SAV,AGB,P10,6.3419,133.4481,2/26/2020,11:13,24.2529,3/2/2020,8:40,,17.911
2/25/2020,SMAR04,3,Thalassia_testudinum,turtle grass,SAV,AGB,P20,5.9795,44.6274,2/26/2020,11:13,10.9232,3/2/2020,8:40,,4.9437
3/3/2020,SMAR04,2,Thalassia_testudinum,turtle grass,SAV,AGB,P16,6.3931,114.3902,3/6/2020,12:13,21.5511,3/11/2020,9:00,,15.158
3/10/2020,SMAR24,3,Thalassia_testudinum,turtle grass,SAV,AGB,P6,6.3571,75.4909,3/12/2029,9:00,15.8845,3/17/2020,9:00,,9.5274
3/10/2020,SMAR24,1,Thalassia_testudinum,turtle grass,SAV,AGB,P20,5.9652,70.181,3/12/2029,9:00,15.8133,3/17/2020,9:00,,9.8481
9/16/2020,STCH02,2,Thalassia_testudinum,turtle grass,SAV,AGB,P2,6.3237,103.5067,9/16/2020,9:45,20.073,9/21/2020,12:00,,13.7493
9/16/2020,STCH02,1,Thalassia_testudinum,turtle grass,SAV,AGB,P16,6.3885,107.255,9/16/2020,10:20,21.64,9/21/2020,12:00,,15.2515
9/23/2020,SMAR25,1,Thalassia_testudinum,turtle grass,SAV,AGB,P13,6.122,44.601,9/23/2020,9:53,12.184,9/28/2020,9:30,,6.062
10/1/2019,SJB24,1,Thalassia_testudinum,turtle grass,SAV,DT,NA,34.7555,49.2629,,10:39,36.0866,10/5/2019,10:45,,1.3311
10/1/2019,SJB24,1,Thalassia_testudinum,turtle grass,SAV,AGB,NA,33.9774,100.6742,,10:39,41.88,10/5/2019,10:45,,7.9026
10/1/2019,SJB24,2,Thalassia_testudinum,turtle grass,SAV,AGB,NA,34.8126,99.3162,,10:39,43.4522,10/5/2019,10:45,,8.6396
10/1/2019,SJB24,2,Thalassia_testudinum,turtle grass,SAV,DT,NA,33.4159,45.8187,,10:39,34.7539,10/5/2019,10:45,,1.338
10/1/2019,SJB24,3,Thalassia_testudinum,turtle grass,SAV,AGB,NA,34.6516,79.7594,,10:39,39.6719,10/5/2019,10:45,,5.0203
10/1/2019,SJB24,3,Thalassia_testudinum,turtle grass,SAV,DT,NA,4.635,25.9569,,10:39,6.8878,10/5/2019,10:45,,2.2528
10/4/2019,STCH20,1,Thalassia_testudinum,turtle grass,SAV,AGB,NA,6.884,39.1575,,10:14,10.263,10/8/2019,10:17,,3.379
10/4/2019,STCH20,2,Thalassia_testudinum,turtle grass,SAV,AGB,NA,7.4594,67.6763,,10:14,14.8614,10/8/2019,10:17,,7.402
10/4/2019,STCH20,3,Thalassia_testudinum,turtle grass,SAV,AGB,NA,4.6873,37.1106,,10:14,8.361,10/8/2019,10:17,,3.6737
10/10/2019,SJB02,2,Thalassia_testudinum,turtle grass,SAV,AGB,p4,6.5614,75.8118,,10:34,13.6741,10/16/2016,10:45,,7.1127
10/10/2019,SJB02,2,Thalassia_testudinum,turtle grass,SAV,AGB,p3,6.467,66.2556,,10:34,11.8987,10/16/2016,10:45,,5.4317
10/10/2019,SJB02,2,Thalassia_testudinum,turtle grass,SAV,AGB,p10,6.4537,65.715,,10:34,12.0339,10/16/2016,10:45,,5.5802
10/15/2019,SJB02,1,Thalassia_testudinum,turtle grass,SAV,AGB,p11,6.2252,55.9458,,11:00,11.4206,10/20/2019,10:40,,5.1954
10/15/2019,SJB02,1,Thalassia_testudinum,turtle grass,SAV,AGB,p13,6.0971,51.7467,,11:00,10.484,10/20/2019,10:40,,4.3869
10/15/2019,SJB02,3,Thalassia_testudinum,turtle grass,SAV,AGB,p15,6.1415,55.0586,,11:00,11.1371,10/20/2019,10:40,,4.9956
10/15/2019,SJB02,3,Thalassia_testudinum,turtle grass,SAV,AGB,p16,6.0808,56.2915,,11:00,11.0653,10/20/2019,10:40,,4.9845
10/15/2019,SJB02,3,Thalassia_testudinum,turtle grass,SAV,AGB,p17,6.1411,51.4288,,11:00,10.5987,10/20/2019,10:40,,4.4576
10/15/2019,SJB02,3,Thalassia_testudinum,turtle grass,SAV,AGB,p18,6.1474,36.1219,,11:00,8.5741,10/20/2019,10:40,,2.4267
10/18/2019,STCH06,3,Thalassia_testudinum,turtle grass,SAV,AGB,SA4,2.511,5.1675,,10:42,2.7633,10/25/2019,8:15,,0.2523
10/22/2019,SJB14,1,Thalassia_testudinum,turtle grass,SAV,AGB,P7,6.4328,54.2467,,8:15,12.5486,10/29/2019,8:45,,6.1158
10/22/2019,SJB14,1,Thalassia_testudinum,turtle grass,SAV,AGB,P9,6.364,72.0341,,8:15,15.658,10/29/2019,8:45,,9.294
10/22/2019,SJB14,2,Thalassia_testudinum,turtle grass,SAV,AGB,P8,6.4,44.8867,,8:15,11.3651,10/29/2019,8:45,,4.9651
10/22/2019,SJB14,2,Thalassia_testudinum,turtle grass,SAV,AGB,P10,6.3533,45.71,,8:15,11.9743,10/29/2019,8:45,,5.621
10/25/2019,SJB13,2,Thalassia_testudinum,turtle grass,SAV,AGB,P11,6.1467,14.2172,,8:45,8.651,11/2/2019,10:00,,2.5043
10/25/2019,SJB14,3,Thalassia_testudinum,turtle grass,SAV,AGB,P1,6.3776,80.2086,,8:45,17.6404,11/2/2019,10:00,,11.2628
10/29/2019,SJB 13,1,Thalassia_testudinum,turtle grass,SAV,AGB,P16,6.389,107.5193,,10:10,20.6473,11/6/2019,10:00,,14.2583
10/29/2019,SJB07,1,Thalassia_testudinum,turtle grass,SAV,AGB,SA7,2.4946,2.6531,,10:10,2.5282,11/6/2019,10:00,,0.0336
11/1/2019,SJB07,2,Thalassia_testudinum,turtle grass,SAV,AGB,P6,6.3813,86.2642,,10:10,16.2833,11/6/2019,10:00,,9.902
11/5/2019,SJB07,3,Thalassia_testudinum,turtle grass,SAV,AGB,P12,6.1302,67.2541,,10:10,11.8684,11/12/2019,9:15,,5.7382
11/5/2019,SJB07,3,Thalassia_testudinum,turtle grass,SAV,AGB,P14,6.0593,52.6439,,10:10,9.7692,11/12/2019,9:15,,3.7099
11/8/2019,SJB06,2,Thalassia_testudinum,turtle grass,SAV,AGB,SA8,2.5278,3.6137,,9:20,2.6764,11/16/2019,9:20,,0.1486
11/15/2019,SJB17,1,Thalassia_testudinum,turtle grass,SAV,AGB,P12,6.1251,93.3088,,9:25,16.0349,11/20/2019,9:35,,9.9098
11/15/2019,SJB17,1,Thalassia_testudinum,turtle grass,SAV,AGB,P13,6.0854,114.5762,,9:25,15.3049,11/20/2019,9:35,,9.2195
11/15/2019,SJB17,2,Thalassia_testudinum,turtle grass,SAV,AGB,P11,6.611,67.6981,,9:25,11.6716,11/20/2019,9:35,,5.0606
11/15/2019,SJB17,2,Thalassia_testudinum,turtle grass,SAV,AGB,P14,6.0576,62.3081,,9:25,11.6245,11/20/2019,9:35,,5.5669
11/15/2019,SJB17,2,Thalassia_testudinum,turtle grass,SAV,AGB,P17,6.1024,63.5205,,9:25,11.6389,11/20/2019,9:35,,5.5365
12/3/2019,SJB10,2,Thalassia_testudinum,turtle grass,SAV,AGB,P8,6.3929,104.8403,,10:25,15.3589,12/9/2019,9:25,,8.966
12/3/2019,SJB10,2,Thalassia_testudinum,turtle grass,SAV,AGB,P14,6.0552,80.6828,,10:25,11.5654,12/9/2019,9:25,,5.5102
12/6/2019,SJB17,3,Thalassia_testudinum,turtle grass,SAV,AGB,P6,6.3595,65. 4233,,9:42,12.1055,12/13/2019,9:50,,5.746
12/6/2019,SJB17,3,Thalassia_testudinum,turtle grass,SAV,AGB,P11,6.1437,63.3546,,9:42,12.0787,12/13/2019,9:50,,5.935
12/6/2019,SJB17,3,Thalassia_testudinum,turtle grass,SAV,AGB,P13,6.0837,51.5543,,9:42,10.6812,12/13/2019,9:50,,4.5975
1/7/2020,SMAR03,1,Thalassia_testudinum,turtle grass,SAV,AGB,P13,6.0778,68.4346,,9:45,12.0018,1/15/2020,9:25,,5.924
1/7/2020,SMAR03,1,Thalassia_testudinum,turtle grass,SAV,AGB,P6,6.3628,37.3358,,9:45,9.5297,1/15/2020,9:25,,3.1669
1/13/2020,SMAR03,2,Thalassia_testudinum,turtle grass,SAV,AGB,P9,6.4343,57.2849,,10:00,12.6027,1/21/2020,8:35,,6.1684
1/13/2020,SMAR03,2,Thalassia_testudinum,turtle grass,SAV,AGB,P14,6.0568,42.4597,,10:00,10.0862,1/21/2020,8:35,,4.0294
1/24/2020,SMAR03,3,Thalassia_testudinum,turtle grass,SAV,AGB,P11,6.1482,60.1542,1/24/2020,11:35,12.4855,1/29/2020,8:55,,6.3373
1/24/2020,SMAR03,3,Thalassia_testudinum,turtle grass,SAV,AGB,P6,6.3602,53.8948,1/24/2020,11:35,12.1138,1/29/2020,8:55,,5.7536
1/24/2020,SMAR03,3,Thalassia_testudinum,turtle grass,SAV,AGB,P8,6.3854,54.8259,1/24/2020,11:35,12.1522,1/29/2020,8:55,,5.7668
1/28/2020,SMAR04,1,Thalassia_testudinum,turtle grass,SAV,AGB,P9,6.4311,68.7996,1/29/2020,10:30,13.4083,2/3/2020,8:55,,6.9772
1/28/2020,SMAR04,1,Thalassia_testudinum,turtle grass,SAV,AGB,P14,6.0895,56.4817,1/29/2020,10:30,11.2588,2/3/2020,8:55,,5.1693
2/25/2020,SMAR25,2,Thalassia_testudinum,turtle grass,SAV,AGB,P6,6.3727,45.311,2/26/2020,11:13,11.5798,3/2/2020,8:40,,5.2071
3/3/2020,SMAR23,1,Thalassia_testudinum,turtle grass,SAV,AGB,P17,6.2862,91.3379,3/6/2020,12:13,18.81,3/11/2020,9:00,,12.5238
3/6/2020,SMAR14,3,Thalassia_testudinum,turtle grass,SAV,AGB,P19,6.0464,58.0491,3/6/2020,12:13,13.0234,3/11/2020,9:00,,6.977
3/6/2020,SMAR14,3,Thalassia_testudinum,turtle grass,SAV,AGB,P18,5.924,63.8054,3/6/2020,12:13,13.2653,3/11/2020,9:00,,7.3413
3/6/2020,SMAR14,3,Thalassia_testudinum,turtle grass,SAV,AGB,P10,6.34,33.6747,3/6/2020,12:13,9.2669,3/11/2020,9:00,,2.9269
3/13/2020,SJB16,2,Thalassia_testudinum,turtle grass,SAV,AGB,P13,6.1405,85.012,3/12/2020,11:10,16.412,3/17/2020,9:00,,10.2715
9/23/2020,SMAR23,3,Thalassia_testudinum,turtle grass,SAV,AGB,P12,6.26,100.388,9/23/2020,10:38,19.293,9/28/2020,9:30,,13.033
9/23/2020,SJB10,1,Thalassia_testudinum,turtle grass,SAV,AGB,P19,6.067,179.506,9/23/2020,10:59,25.952,9/28/2020,9:30,,19.885
9/30/2020,SJB16,1,Thalassia_testudinum,turtle grass,SAV,AGB,P12,6.1192,65.5223,9/30/2020,9:03,15.2562,10/5/2020,8:38,,9.137
10/6/2019,STCH05,1,Udotea_flabellum,mermaid's fan,Algae,AGB,NA,1.2725,8.4374,,11:52,4.5812,10/12/2019,10:35,,3.3087
10/6/2019,STCH05,2,Udotea_flabellum,mermaid's fan,Algae,AGB,NA,1.2745,3.981,,12:15,1.8322,10/12/2019,10:35,,0.5577
10/10/2019,STCH05,3,Udotea_flabellum,mermaid's fan,Algae,AGB,p5,6.4352,29.6365,,10:34,14.0238,10/16/2016,10:45,,7.5886
10/1/2019,SJB24,1,Unidentified_Alga,Unidentified Alga ,Algae,AGB,NA,1.2939,3.8049,,10:39,1.5556,10/5/2019,10:45,,0.2617
10/4/2019,STCH20,2,UnidentifiedBivalve,Unidentified Bivalve,Animal,AGB,NA,1.2696,1.5473,,10:14,1.4302,10/8/2019,10:17,,0.1606
11/5/2019,SJB06,1,UnidentIfiedGastropod,UnidentIfied Gastropod,Animal,AGB,SA4,2.5126,2.7526,,10:10,2.5766,11/12/2019,9:15,,0.064
11/8/2019,SJB06,2,UnidentifiedGastropod,Unidentified Gastropod,Animal,AGB,SA20,2.4861,2.7415,,9:20,2.5905,11/16/2019,9:20,,0.1044
11/15/2019,SJB17,1,UnidentifiedGastropod,Unidentified Gastropod,Animal,AGB,SA19,2.4873,3.526,,9:25,2.9785,11/20/2019,9:35,,0.4912
11/15/2019,SJB17,2,UnidentifiedGastropod,Unidentified Gastropod,Animal,AGB,SA17,2.4932,3.3471,,9:25,2.8693,11/20/2019,9:35,,0.3761
12/6/2019,SJB17,3,UnidentifiedHermitCrab,Unidentified Hermit Crab,Animal,AGB,SA3,2.5019,2.6006,,9:42,2.5497,12/13/2019,9:50,,0.0478
2/4/2020,SMAR01,10,UnidentifiedHermitCrab,Unidentified Hermit Crab,Animal,AGB,SA18,2.4984,2.7269,2/6/2020,9:00,2.576,2/10/2020,9:15,,0.0776
9/16/2020,STCH02,2,UnidentifiedMollusk,Unidentified Mollusk,Animal,AGB,SA5,2.5074,2.576,9/16/2020,9:45,2.544,9/21/2020,12:00,,0.0366
2/4/2020,SMAR01,10,UnidentifiedPolychaete,Unidentified Polychaete,Animal,AGB,SA22,2.5085,2.5683,2/6/2020,9:00,2.5106,2/10/2020,9:15,,0.0021
10/1/2019,SJB24,1,UnidentifiedSponge,Unidentified Sponge,Animal,AGB,NA,1.2649,7.8273,,10:39,3.5289,10/5/2019,10:45,,2.264
10/18/2019,STCH06,3,UnidentifiedWhelk,Unidentified Whelk,Animal,AGB,SA13,2.484,2.6498,,10:42,2.5734,10/25/2019,8:15,,0.0894
12/3/2019,SJB10,2,UnidentifiedWhelk,Unidentified Whelk,Animal,AGB,SA7,2.4932,2.5792,,10:25,2.5478,12/9/2019,9:25,,0.0546
2/4/2020,SMAR14,2,UnidentifiedWhelk,Unidentified Whelk,Animal,AGB,SA5,2.5147,2.6566,2/6/2020,9:00,2.6064,2/10/2020,9:15,,0.0917
1/13/2020,SMAR03,2,UnidntifiedHermitCrab,Unidntified Hermit Crab,Animal,AGB,SA19,2.4863,2.7705,,10:00,2.6724,1/21/2020,8:35,,0.1861
