"","Reference","Date","Region","Site","month","year","Latitude","Longitude","Latitude_Actual","Longitude_Actual","Depth_m","Secchi_m","Quadrat","Epiphite_Blade_Load","Epiphite_Shoot_Load","Seagrass_Health","SAV_Cover","Mono_Mixed","Seagrass_Landscape","Cover_Level","Notes","Acanthophora spicifera","Caulerpa verticillata","Halimeda incrassata","Halodule wrightii","Halophila decipens","Halophila engelmanni","Penicillus capitatus","Ruppia maritima","Sargassum","Syringodium filiforme","Thalassia testudinum","Udotea flabellum","Mean_Seagrass_Canopy_Height_cm","Mean_Macroalgae_Canopy_Height_cm","Thalassia_testudinum_CH","Syringodium_filiforme_CH","Halodule_wrighti_CH"
"1","6/25/2019_Steinhatchee_STCH06_1","6/25/2019","Steinhatchee","STCH06",6,2019,29.6414,-83.4146,NA,NA,1.2,0.6,1,0,0,100,60,"mixed","continuous vegetated","high","",0,0,0,0,0,0,0,0,0,100,0,0,3.66666666666667,0,0,22,0
"2","6/25/2019_Steinhatchee_STCH06_2","6/25/2019","Steinhatchee","STCH06",6,2019,29.6414,-83.4146,NA,NA,1.2,0.6,2,0,0,100,75,"mixed","continuous vegetated","high","",0,0,0,0,1,0,0,0,0,99,0,0,6.16666666666667,0,0,37,0
"3","6/25/2019_Steinhatchee_STCH06_3","6/25/2019","Steinhatchee","STCH06",6,2019,29.6414,-83.4146,NA,NA,1.2,0.6,3,0,0,100,70,"mixed","continuous vegetated","high","",75,0,0,0,10,0,0,0,0,10,5,0,8.66666666666667,0.666666666666667,37,10,0
"4","6/25/2019_Steinhatchee_STCH06_4","6/25/2019","Steinhatchee","STCH06",6,2019,29.6414,-83.4146,NA,NA,1.2,0.6,4,0,0,100,60,"mixed","continuous vegetated","high","",0,0,0,0,25,0,0,0,0,75,0,0,9.66666666666667,0,0,43,0
"5","6/25/2019_Steinhatchee_STCH06_5","6/25/2019","Steinhatchee","STCH06",6,2019,29.6414,-83.4146,NA,NA,1.2,0.6,5,0,0,100,80,"mixed","continuous vegetated","high","",0,0,0,0,0,0,0,0,0,50,50,0,14,0,39,45,0
"6","6/25/2019_Steinhatchee_STCH06_6","6/25/2019","Steinhatchee","STCH06",6,2019,29.6414,-83.4146,NA,NA,1.2,0.6,6,0,0,100,75,"mixed","continuous vegetated","high","",25,0,0,0,0,0,0,0,0,75,0,0,6,4.33333333333333,0,36,0
"7","6/25/2019_Steinhatchee_STCH06_7","6/25/2019","Steinhatchee","STCH06",6,2019,29.6414,-83.4146,NA,NA,1.2,0.6,7,0,0,100,80,"mixed","continuous vegetated","high","",9,0,0,0,1,0,0,0,0,90,0,0,6.83333333333333,1.66666666666667,0,41,0
"8","6/25/2019_Steinhatchee_STCH06_8","6/25/2019","Steinhatchee","STCH06",6,2019,29.6414,-83.4146,NA,NA,1.2,0.6,8,0,0,100,80,"mixed","continuous vegetated","high","",5,0,0,0,0,0,0,0,0,95,0,0,9.16666666666667,0.833333333333333,0,55,0
"9","6/25/2019_Steinhatchee_STCH06_9","6/25/2019","Steinhatchee","STCH06",6,2019,29.6414,-83.4146,NA,NA,1.2,0.6,9,0,0,100,45,"mixed","continuous vegetated","high","",5,0,0,0,0,0,0,0,0,95,0,0,6.33333333333333,0.833333333333333,0,38,0
"10","6/25/2019_Steinhatchee_STCH06_10","6/25/2019","Steinhatchee","STCH06",6,2019,29.6414,-83.4146,NA,NA,1.2,0.6,10,0,0,100,60,"mixed","continuous vegetated","high","",0,0,0,0,1,0,0,0,0,99,0,0,7.66666666666667,0,0,37,0
"11","6/25/2019_Steinhatchee_STCH05_1","6/25/2019","Steinhatchee","STCH05",6,2019,29.64167,-83.40833,NA,NA,1.25,0.5,1,0,0,100,50,"mixed","continuous vegetated","low","Low seagrass cover high algal cover",25,0,0,0,0,0,0,75,0,0,0,0,0,0,0,0,0
"12","6/25/2019_Steinhatchee_STCH05_2","6/25/2019","Steinhatchee","STCH05",6,2019,29.64167,-83.40833,NA,NA,1.25,0.5,2,0,0,100,70,"mixed","continuous vegetated","low","Low seagrass cover high algal cover",0,0,20,0,0,0,0,80,0,0,0,0,4.33333333333333,1,0,0,0
"13","6/25/2019_Steinhatchee_STCH05_3","6/25/2019","Steinhatchee","STCH05",6,2019,29.64167,-83.40833,NA,NA,1.25,0.5,3,0,0,100,50,"mixed","continuous vegetated","low","Low seagrass cover high algal cover",90,0,0,0,0,0,0,9,0,0,0,10,4.33333333333333,4.66666666666667,0,0,0
"14","6/25/2019_Steinhatchee_STCH05_4","6/25/2019","Steinhatchee","STCH05",6,2019,29.64167,-83.40833,NA,NA,1.25,0.5,4,70,70,100,50,"mixed","continuous vegetated","low","Low seagrass cover high algal cover",5,0,25,0,0,0,0,0,0,0,0,70,0,5.33333333333333,0,0,0
"15","6/25/2019_Steinhatchee_STCH05_5","6/25/2019","Steinhatchee","STCH05",6,2019,29.64167,-83.40833,NA,NA,1.25,0.5,5,25,70,100,45,"mixed","continuous vegetated","low","Low seagrass cover high algal cover",20,0,25,0,0,0,0,5,0,0,0,25,3.83333333333333,3.33333333333333,0,0,0
"16","6/25/2019_Steinhatchee_STCH05_6","6/25/2019","Steinhatchee","STCH05",6,2019,29.64167,-83.40833,NA,NA,1.25,0.5,6,100,10,100,80,"mixed","continuous vegetated","low","Low seagrass cover high algal cover",60,0,30,0,0,0,0,10,0,0,0,0,1.33333333333333,2.16666666666667,0,0,0
"17","6/25/2019_Steinhatchee_STCH05_7","6/25/2019","Steinhatchee","STCH05",6,2019,29.64167,-83.40833,NA,NA,1.25,0.5,7,80,80,100,90,"mixed","continuous vegetated","low","Low seagrass cover high algal cover",0,0,20,0,0,0,0,10,0,0,0,20,2.33333333333333,2.16666666666667,0,0,0
"18","6/25/2019_Steinhatchee_STCH05_8","6/25/2019","Steinhatchee","STCH05",6,2019,29.64167,-83.40833,NA,NA,1.25,0.5,8,70,30,100,90,"mixed","continuous vegetated","low","Low seagrass cover high algal cover",30,0,20,0,0,0,0,50,0,0,0,0,2.83333333333333,2,0,0,0
"19","6/25/2019_Steinhatchee_STCH05_9","6/25/2019","Steinhatchee","STCH05",6,2019,29.64167,-83.40833,NA,NA,1.25,0.5,9,30,30,100,100,"mixed","continuous vegetated","low","Low seagrass cover high algal cover",0,0,40,0,0,0,0,60,0,0,0,0,5,1.66666666666667,0,0,0
"20","6/25/2019_Steinhatchee_STCH05_10","6/25/2019","Steinhatchee","STCH05",6,2019,29.64167,-83.40833,NA,NA,1.25,0.5,10,80,50,100,90,"mixed","continuous vegetated","low","Low seagrass cover high algal cover",30,0,5,0,0,0,0,15,0,0,0,50,4.66666666666667,5,0,0,0
"21","6/24/2019_Steinhatchee_STCH04_1","6/24/2019","Steinhatchee","STCH04",6,2019,29.65833,-83.425,NA,NA,1.2,0.5,1,0,0,100,15,"mono","sparse","low","Low low cover",0,0,0,0,0,100,0,0,0,0,0,0,0.833333333333333,0,0,0,0
"22","6/24/2019_Steinhatchee_STCH04_2","6/24/2019","Steinhatchee","STCH04",6,2019,29.65833,-83.425,NA,NA,1.2,0.5,2,0,0,0,0,"mono","sparse","low","Low low cover",0,0,0,0,0,0,0,0,0,0,0,0,0,0,0,0,0
"23","6/24/2019_Steinhatchee_STCH04_3","6/24/2019","Steinhatchee","STCH04",6,2019,29.65833,-83.425,NA,NA,1.2,0.5,3,0,0,0,0,"mono","sparse","low","Low low cover",0,0,0,0,0,0,0,0,0,0,0,0,0,0,0,0,0
"24","6/24/2019_Steinhatchee_STCH04_4","6/24/2019","Steinhatchee","STCH04",6,2019,29.65833,-83.425,NA,NA,1.2,0.5,4,0,0,0,0,"mono","sparse","low","Low low cover",0,0,0,0,0,0,0,0,0,0,0,0,0,0,0,0,0
"25","6/24/2019_Steinhatchee_STCH04_5","6/24/2019","Steinhatchee","STCH04",6,2019,29.65833,-83.425,NA,NA,1.2,0.5,5,0,0,0,0,"mono","sparse","low","Low low cover",0,0,0,0,0,0,0,0,0,0,0,0,0,0,0,0,0
"26","6/24/2019_Steinhatchee_STCH04_6","6/24/2019","Steinhatchee","STCH04",6,2019,29.65833,-83.425,NA,NA,1.2,0.5,6,0,0,0,0,"mono","sparse","low","Low low cover",0,0,0,0,0,0,0,0,0,0,0,0,0,0,0,0,0
"27","6/24/2019_Steinhatchee_STCH04_7","6/24/2019","Steinhatchee","STCH04",6,2019,29.65833,-83.425,NA,NA,1.2,0.5,7,0,0,0,0,"mono","sparse","low","Low low cover",0,0,0,0,0,0,0,0,0,0,0,0,0,0,0,0,0
"28","6/24/2019_Steinhatchee_STCH04_8","6/24/2019","Steinhatchee","STCH04",6,2019,29.65833,-83.425,NA,NA,1.2,0.5,8,0,0,0,0,"mono","sparse","low","Low low cover",0,0,0,0,0,0,0,0,0,0,0,0,0,0,0,0,0
"29","6/24/2019_Steinhatchee_STCH04_9","6/24/2019","Steinhatchee","STCH04",6,2019,29.65833,-83.425,NA,NA,1.2,0.5,9,0,0,0,0,"mono","sparse","low","Low low cover",0,0,0,0,0,0,0,0,0,0,0,0,0,0,0,0,0
"30","6/24/2019_Steinhatchee_STCH04_10","6/24/2019","Steinhatchee","STCH04",6,2019,29.65833,-83.425,NA,NA,1.2,0.5,10,0,0,0,0,"mono","sparse","low","Low low cover",0,0,0,0,0,0,0,0,0,0,0,0,0,0,0,0,0
"31","6/24/2019_Steinhatchee_STCH02_1","6/24/2019","Steinhatchee","STCH02",6,2019,29.675,-83.475,29.6751,-83.475,1.1,1.1,1,75,100,100,100,"mono","highly fragmented","","",0,0,0,0,0,0,0,0,0,0,100,0,10,0,60,0,0
"32","6/24/2019_Steinhatchee_STCH02_2","6/24/2019","Steinhatchee","STCH02",6,2019,29.675,-83.475,29.6751,-83.475,1.1,1.1,2,50,75,100,80,"mono","highly fragmented","","",0,0,0,0,0,0,0,0,0,0,100,0,7.5,0,45,0,0
"33","6/24/2019_Steinhatchee_STCH02_3","6/24/2019","Steinhatchee","STCH02",6,2019,29.675,-83.475,29.6751,-83.475,1.1,1.1,3,60,30,75,95,"mono","highly fragmented","","",0,0,0,0,0,0,0,0,0,0,100,0,7.5,0,45,0,0
"34","6/24/2019_Steinhatchee_STCH02_4","6/24/2019","Steinhatchee","STCH02",6,2019,29.675,-83.475,29.6751,-83.475,1.1,1.1,4,80,40,80,75,"mono","highly fragmented","","",0,0,0,0,0,0,0,0,0,5,95,0,8.83333333333333,0,30,23,0
"35","6/24/2019_Steinhatchee_STCH02_5","6/24/2019","Steinhatchee","STCH02",6,2019,29.675,-83.475,29.6751,-83.475,1.1,1.1,5,75,30,75,80,"mono","highly fragmented","","",1,0,0,0,0,0,0,0,0,0,99,0,6.33333333333333,0.833333333333333,38,0,0
"36","6/24/2019_Steinhatchee_STCH02_6","6/24/2019","Steinhatchee","STCH02",6,2019,29.675,-83.475,29.6751,-83.475,1.1,1.1,6,0,0,0,0,"mono","highly fragmented","","",0,0,0,0,0,0,0,0,0,0,0,0,0,0,0,0,0
"37","6/24/2019_Steinhatchee_STCH02_7","6/24/2019","Steinhatchee","STCH02",6,2019,29.675,-83.475,29.6751,-83.475,1.1,1.1,7,80,40,70,70,"mono","highly fragmented","","",0,0,0,0,0,0,0,0,0,0,100,0,6.16666666666667,0,37,0,0
"38","6/24/2019_Steinhatchee_STCH02_9","6/24/2019","Steinhatchee","STCH02",6,2019,29.675,-83.475,29.6751,-83.475,1.1,1.1,9,50,60,75,95,"mono","highly fragmented","","",0,0,0,0,0,0,0,0,0,0,100,0,6,0,36,0,0
"39","6/24/2019_Steinhatchee_STCH02_8","6/24/2019","Steinhatchee","STCH02",6,2019,29.675,-83.475,29.6751,-83.475,1.1,1.1,8,5,100,100,60,"mono","highly fragmented","","",0,0,0,95,0,0,0,0,0,5,0,0,5.33333333333333,0,0,20,12
"40","6/24/2019_Steinhatchee_STCH02_10","6/24/2019","Steinhatchee","STCH02",6,2019,29.675,-83.475,29.6751,-83.475,1.1,1.1,10,40,10,90,80,"mono","highly fragmented","","",0,0,0,0,0,0,0,0,0,0,100,0,7.66666666666667,0,46,0,0
"41","6/24/2019_Steinhatchee_STCH01_1","6/24/2019","Steinhatchee","STCH01",6,2019,29.675,-83.44167,29.675,-83.4414,1.25,0.75,1,0,0,100,5,"mixed","highly fragmented","","Cocacola",0,0,0,0,0,0,0,0,0,100,0,0,1.66666666666667,0,0,10,0
"42","6/24/2019_Steinhatchee_STCH01_2","6/24/2019","Steinhatchee","STCH01",6,2019,29.675,-83.44167,29.675,-83.4414,1.25,0.75,2,0,0,100,30,"mixed","highly fragmented","","Cocacola",0,0,0,0,0,0,0,0,0,50,0,0,2.16666666666667,0,0,13,0
"43","6/24/2019_Steinhatchee_STCH01_5","6/24/2019","Steinhatchee","STCH01",6,2019,29.675,-83.44167,29.675,-83.4414,1.25,0.75,5,0,0,100,75,"mixed","highly fragmented","","Cocacola",15,0,0,10,0,40,0,0,0,0,0,0,2.33333333333333,0,0,0,12
"44","6/24/2019_Steinhatchee_STCH01_4","6/24/2019","Steinhatchee","STCH01",6,2019,29.675,-83.44167,29.675,-83.4414,1.25,0.75,4,0,0,100,80,"mixed","highly fragmented","","Cocacola",0,0,0,10,0,90,0,0,0,0,0,0,2,0,0,0,10
"45","6/24/2019_Steinhatchee_STCH01_3","6/24/2019","Steinhatchee","STCH01",6,2019,29.675,-83.44167,29.675,-83.4414,1.25,0.75,3,0,0,100,65,"mixed","highly fragmented","","Cocacola",5,0,0,0,0,95,0,0,0,0,0,0,0.25,0,0,0,0
"46","6/24/2019_Steinhatchee_STCH01_3","6/24/2019","Steinhatchee","STCH01",6,2019,29.675,-83.44167,29.675,-83.4414,1.25,0.75,3,0,0,100,65,"mixed","highly fragmented","","Cocacola",5,0,0,0,0,95,0,0,0,0,0,0,0.25,0,0,0,0
"47","6/24/2019_Steinhatchee_STCH01_3","6/24/2019","Steinhatchee","STCH01",6,2019,29.675,-83.44167,29.675,-83.4414,1.25,0.75,3,0,0,100,65,"mixed","highly fragmented","","Cocacola",5,0,0,0,0,95,0,0,0,0,0,0,0.25,0,0,0,0
"48","6/24/2019_Steinhatchee_STCH01_3","6/24/2019","Steinhatchee","STCH01",6,2019,29.675,-83.44167,29.675,-83.4414,1.25,0.75,3,0,0,100,65,"mixed","highly fragmented","","Cocacola",5,0,0,0,0,95,0,0,0,0,0,0,0.25,0,0,0,0
"49","6/24/2019_Steinhatchee_STCH01_6","6/24/2019","Steinhatchee","STCH01",6,2019,29.675,-83.44167,29.675,-83.4414,1.25,0.75,6,0,0,100,15,"mixed","highly fragmented","","Cocacola",60,0,0,40,0,0,0,0,0,0,0,0,2,0.666666666666667,0,0,12
"50","6/24/2019_Steinhatchee_STCH01_7","6/24/2019","Steinhatchee","STCH01",6,2019,29.675,-83.44167,29.675,-83.4414,1.25,0.75,7,0,0,100,10,"mixed","highly fragmented","","Cocacola",0,0,0,100,0,0,0,0,0,0,0,0,3,0,0,0,18
"51","6/24/2019_Steinhatchee_STCH01_8","6/24/2019","Steinhatchee","STCH01",6,2019,29.675,-83.44167,29.675,-83.4414,1.25,0.75,8,0,0,100,15,"mixed","highly fragmented","","Cocacola",0,0,0,100,0,0,0,0,0,0,0,0,3.66666666666667,0,0,0,22
"52","6/24/2019_Steinhatchee_STCH01_9","6/24/2019","Steinhatchee","STCH01",6,2019,29.675,-83.44167,29.675,-83.4414,1.25,0.75,9,0,0,100,40,"mixed","highly fragmented","","Cocacola",0,0,0,0,0,100,0,0,0,0,0,0,0.416666666666667,0,0,0,0
"53","6/24/2019_Steinhatchee_STCH01_10","6/24/2019","Steinhatchee","STCH01",6,2019,29.675,-83.44167,29.675,-83.4414,1.25,0.75,10,0,0,0,0,"mixed","highly fragmented","","Cocacola",0,0,0,0,0,0,0,0,0,0,0,0,0,0,0,0,0
"54","6/14/2019_Saint Marks_SMAR01_5","6/14/2019","Saint Marks","SMAR01",6,2019,30.06016,-84.17051,30.06,-84.1705,NA,NA,5,5,50,100,50,"","continuous vegetated","high","",10,0,0,0,0,0,0,0,0,35,65,0,11.5,0,31,38,0
"55","6/14/2019_Saint Marks_SMAR01_6","6/14/2019","Saint Marks","SMAR01",6,2019,30.06016,-84.17051,30.06,-84.1705,NA,NA,6,30,90,100,60,"","continuous vegetated","high","",0,0,0,0,0,0,0,0,0,5,95,0,10.8333333333333,0,34,31,0
"56","6/14/2019_Saint Marks_SMAR01_7","6/14/2019","Saint Marks","SMAR01",6,2019,30.06016,-84.17051,30.06,-84.1705,NA,NA,7,5,25,100,65,"","continuous vegetated","high","",0,0,0,0,0,0,0,0,0,50,50,0,13.5,0,43,38,0
"57","6/14/2019_Saint Marks_SMAR01_8","6/14/2019","Saint Marks","SMAR01",6,2019,30.06016,-84.17051,30.06,-84.1705,NA,NA,8,50,30,100,70,"","continuous vegetated","high","",10,0,0,0,0,0,0,0,0,40,50,0,12,0,42,30,0
"58","6/14/2019_Saint Marks_SMAR01_9","6/14/2019","Saint Marks","SMAR01",6,2019,30.06016,-84.17051,30.06,-84.1705,NA,NA,9,5,10,100,60,"","continuous vegetated","high","",0,0,0,0,0,0,0,0,0,50,50,0,10.3333333333333,0,30,32,0
"59","6/14/2019_Saint Marks_SMAR01_10","6/14/2019","Saint Marks","SMAR01",6,2019,30.06016,-84.17051,30.06,-84.1705,NA,NA,10,30,50,100,100,"","continuous vegetated","high","",0,0,0,0,0,0,0,0,0,20,80,0,13.1666666666667,0,37,42,0
"60","6/14/2019_Saint Marks_SMAR01_1","6/14/2019","Saint Marks","SMAR01",6,2019,30.06016,-84.17051,30.06,-84.1705,NA,NA,1,20,20,100,75,"","continuous vegetated","high","",0,0,0,0,0,0,0,0,0,30,70,0,9.33333333333333,0,30,26,0
"61","6/14/2019_Saint Marks_SMAR01_2","6/14/2019","Saint Marks","SMAR01",6,2019,30.06016,-84.17051,30.06,-84.1705,NA,NA,2,30,30,100,60,"","continuous vegetated","high","",0,0,0,0,0,0,0,0,0,40,60,0,10,0,35,25,0
"62","6/14/2019_Saint Marks_SMAR01_3","6/14/2019","Saint Marks","SMAR01",6,2019,30.06016,-84.17051,30.06,-84.1705,NA,NA,3,30,30,100,40,"","continuous vegetated","high","",0,0,0,0,0,0,0,0,0,25,75,0,9.5,0,30,27,0
"63","6/14/2019_Saint Marks_SMAR01_4","6/14/2019","Saint Marks","SMAR01",6,2019,30.06016,-84.17051,30.06,-84.1705,NA,NA,4,35,70,100,25,"","continuous vegetated","high","",0,0,0,15,0,0,0,0,0,10,75,0,15.3333333333333,0,32,27,33
"64","7/8/2019_Saint Joe Bay_SJB14_1","7/8/2019","Saint Joe Bay","SJB14",7,2019,29.76002,-85.31073,29.7598,-85.31075,1.3,1.3,1,80,100,100,80,"mono","highly fragmented","high","lost first data sheet . needed to redonquadrats",0,0,0,0,0,0,0,0,0,0,100,0,6.5,0,39,0,0
"65","7/8/2019_Saint Joe Bay_SJB14_2","7/8/2019","Saint Joe Bay","SJB14",7,2019,29.76002,-85.31073,29.7598,-85.31075,1.3,1.3,2,99,99,100,100,"mono","highly fragmented","high","lost first data sheet . needed to redonquadrats",0,0,0,0,0,0,0,0,0,0,100,0,6.16666666666667,0,37,0,0
"66","7/8/2019_Saint Joe Bay_SJB14_3","7/8/2019","Saint Joe Bay","SJB14",7,2019,29.76002,-85.31073,29.7598,-85.31075,1.3,1.3,3,95,100,100,75,"mono","highly fragmented","high","lost first data sheet . needed to redonquadrats",0,0,0,0,0,0,0,0,0,0,100,0,6.33333333333333,0,38,0,0
"67","7/8/2019_Saint Joe Bay_SJB14_4","7/8/2019","Saint Joe Bay","SJB14",7,2019,29.76002,-85.31073,29.7598,-85.31075,1.3,1.3,4,95,100,100,70,"mono","highly fragmented","high","lost first data sheet . needed to redonquadrats",0,0,0,0,0,0,0,0,0,0,100,0,6,0,36,0,0
"68","7/8/2019_Saint Joe Bay_SJB14_5","7/8/2019","Saint Joe Bay","SJB14",7,2019,29.76002,-85.31073,29.7598,-85.31075,1.3,1.3,5,95,100,100,100,"mono","highly fragmented","high","lost first data sheet . needed to redonquadrats",0,0,0,0,0,0,0,0,0,0,100,0,0,0,0,0,0
"69","7/8/2019_Saint Joe Bay_SJB14_6","7/8/2019","Saint Joe Bay","SJB14",7,2019,29.76002,-85.31073,29.7598,-85.31075,1.3,1.3,6,90,100,100,50,"mono","highly fragmented","high","lost first data sheet . needed to redonquadrats",0,0,0,0,0,0,0,0,0,0,100,0,4.66666666666667,0,28,0,0
"70","7/8/2019_Saint Joe Bay_SJB14_7","7/8/2019","Saint Joe Bay","SJB14",7,2019,29.76002,-85.31073,29.7598,-85.31075,1.3,1.3,7,100,100,100,100,"mono","highly fragmented","high","lost first data sheet . needed to redonquadrats",0,0,0,0,0,0,0,0,0,0,100,0,5,0,30,0,0
"71","7/8/2019_Saint Joe Bay_SJB14_8","7/8/2019","Saint Joe Bay","SJB14",7,2019,29.76002,-85.31073,29.7598,-85.31075,1.3,1.3,8,80,90,100,50,"mono","highly fragmented","high","lost first data sheet . needed to redonquadrats",0,0,0,0,0,0,0,0,0,0,100,0,5.16666666666667,0,31,0,0
"72","7/8/2019_Saint Joe Bay_SJB14_9","7/8/2019","Saint Joe Bay","SJB14",7,2019,29.76002,-85.31073,29.7598,-85.31075,1.3,1.3,9,100,100,100,50,"mono","highly fragmented","high","lost first data sheet . needed to redonquadrats",0,0,0,0,0,0,0,0,0,0,100,0,7.5,0,45,0,0
"73","7/8/2019_Saint Joe Bay_SJB14_10","7/8/2019","Saint Joe Bay","SJB14",7,2019,29.76002,-85.31073,29.7598,-85.31075,1.3,1.3,10,80,70,100,60,"mono","highly fragmented","high","lost first data sheet . needed to redonquadrats",0,0,0,0,0,0,0,0,0,0,100,0,4.16666666666667,0,25,0,0
"74","7/8/2019_Saint Joe Bay_SJB13_1","7/8/2019","Saint Joe Bay","SJB13",7,2019,29.77447,-85.30693,29.7744,-85.30717,0.8,0.8,1,80,75,100,100,"","highly fragmented","high","",0,0,0,0,0,0,0,0,0,0,100,0,8.33333333333333,0,50,0,0
"75","7/8/2019_Saint Joe Bay_SJB13_2","7/8/2019","Saint Joe Bay","SJB13",7,2019,29.77447,-85.30693,29.7744,-85.30717,0.8,0.8,2,50,30,100,100,"","highly fragmented","high","",0,0,0,70,0,0,0,0,0,5,25,0,15.8333333333333,0,37,38,20
"76","7/8/2019_Saint Joe Bay_SJB13_3","7/8/2019","Saint Joe Bay","SJB13",7,2019,29.77447,-85.30693,29.7744,-85.30717,0.8,0.8,3,30,100,100,100,"","highly fragmented","high","",0,0,0,95,0,0,0,0,0,5,0,0,7.5,0,0,25,20
"77","7/8/2019_Saint Joe Bay_SJB13_4","7/8/2019","Saint Joe Bay","SJB13",7,2019,29.77447,-85.30693,29.7744,-85.30717,0.8,0.8,4,50,90,75,95,"","highly fragmented","high","",0,0,0,5,0,0,0,0,0,50,45,0,9.16666666666667,0,21,20,14
"78","7/8/2019_Saint Joe Bay_SJB13_5","7/8/2019","Saint Joe Bay","SJB13",7,2019,29.77447,-85.30693,29.7744,-85.30717,0.8,0.8,5,15,5,100,75,"","highly fragmented","high","",0,0,0,0,0,0,0,0,0,90,0,0,3,0,0,18,0
"79","7/9/2019_Saint Joe Bay_SJB13_5","7/9/2019","Saint Joe Bay","SJB13",7,2019,29.77447,-85.30693,29.7744,-85.30717,0.8,0.8,5,15,5,100,75,"","highly fragmented","high","",0,0,0,10,0,0,0,0,0,0,0,0,3,0,0,0,18
"80","7/8/2019_Saint Joe Bay_SJB13_6","7/8/2019","Saint Joe Bay","SJB13",7,2019,29.77447,-85.30693,29.7744,-85.30717,0.8,0.8,6,80,60,100,100,"","highly fragmented","high","",0,0,0,0,0,0,0,0,0,25,75,0,10.8333333333333,0,39,26,0
"81","7/8/2019_Saint Joe Bay_SJB13_7","7/8/2019","Saint Joe Bay","SJB13",7,2019,29.77447,-85.30693,29.7744,-85.30717,0.8,0.8,7,75,50,100,90,"","highly fragmented","high","",0,0,0,40,0,0,0,0,0,15,45,0,16.1666666666667,0,30,39,28
"82","7/8/2019_Saint Joe Bay_SJB13_8","7/8/2019","Saint Joe Bay","SJB13",7,2019,29.77447,-85.30693,29.7744,-85.30717,0.8,0.8,8,90,50,100,100,"","highly fragmented","high","",0,0,0,1,0,0,0,0,0,1,98,0,17.6666666666667,0,46,30,30
"83","7/8/2019_Saint Joe Bay_SJB13_9","7/8/2019","Saint Joe Bay","SJB13",7,2019,29.77447,-85.30693,29.7744,-85.30717,0.8,0.8,9,50,70,100,100,"","highly fragmented","high","",0,0,0,45,0,0,0,0,0,55,0,0,11.5,0,0,39,30
"84","7/8/2019_Saint Joe Bay_SJB13_10","7/8/2019","Saint Joe Bay","SJB13",7,2019,29.77447,-85.30693,29.7744,-85.30717,0.8,0.8,10,10,10,75,75,"","highly fragmented","high","",0,0,0,75,0,0,0,0,0,25,0,0,0,0,0,0,0
"85","7/8/2019_Saint Joe Bay_SJB13_10","7/8/2019","Saint Joe Bay","SJB13",7,2019,29.77447,-85.30693,29.7744,-85.30717,0.8,0.8,10,10,10,75,75,"","highly fragmented","high","",0,0,0,75,0,0,0,0,0,25,0,0,0,0,0,0,0
"86","7/8/2019_Saint Joe Bay_SJB13_10","7/8/2019","Saint Joe Bay","SJB13",7,2019,29.77447,-85.30693,29.7744,-85.30717,0.8,0.8,10,10,10,75,75,"","highly fragmented","high","",0,0,0,75,0,0,0,0,0,25,0,0,0,0,0,0,0
"87","7/8/2019_Saint Joe Bay_SJB13_10","7/8/2019","Saint Joe Bay","SJB13",7,2019,29.77447,-85.30693,29.7744,-85.30717,0.8,0.8,10,10,10,75,75,"","highly fragmented","high","",0,0,0,75,0,0,0,0,0,25,0,0,0,0,0,0,0
"88","7/9/2019_Saint Joe Bay_SJB07_1","7/9/2019","Saint Joe Bay","SJB07",7,2019,29.80502,-85.30295,29.7991,-85.3034,0.6,0.6,1,100,100,100,100,"mixed","highly fragmented","high","Need to do one more biomass and core plus 1 quad . Took 3rd quad on 7/10/2019 8am to 8:53",0,0,0,100,0,0,0,0,0,0,0,0,4.83333333333333,0,0,0,29
"89","7/9/2019_Saint Joe Bay_SJB07_2","7/9/2019","Saint Joe Bay","SJB07",7,2019,29.80502,-85.30295,29.7991,-85.3034,0.6,0.6,2,100,80,100,80,"mixed","highly fragmented","high","Need to do one more biomass and core plus 1 quad . Took 3rd quad on 7/10/2019 8am to 8:53",0,0,0,5,0,0,0,0,0,0,95,0,6.16666666666667,0,25,0,12
"90","7/9/2019_Saint Joe Bay_SJB07_3","7/9/2019","Saint Joe Bay","SJB07",7,2019,29.80502,-85.30295,29.7991,-85.3034,0.6,0.6,3,100,100,60,95,"mixed","highly fragmented","high","Need to do one more biomass and core plus 1 quad . Took 3rd quad on 7/10/2019 8am to 8:53",0,0,0,1,0,0,0,0,0,0,99,0,6.83333333333333,0,32,0,9
"91","7/9/2019_Saint Joe Bay_SJB07_4","7/9/2019","Saint Joe Bay","SJB07",7,2019,29.80502,-85.30295,29.7991,-85.3034,0.6,0.6,4,80,60,95,80,"mixed","highly fragmented","high","Need to do one more biomass and core plus 1 quad . Took 3rd quad on 7/10/2019 8am to 8:53",0,0,0,0,0,0,0,0,0,0,100,0,6.16666666666667,0,37,0,0
"92","7/9/2019_Saint Joe Bay_SJB07_5","7/9/2019","Saint Joe Bay","SJB07",7,2019,29.80502,-85.30295,29.7991,-85.3034,0.6,0.6,5,80,55,95,55,"mixed","highly fragmented","high","Need to do one more biomass and core plus 1 quad . Took 3rd quad on 7/10/2019 8am to 8:53",0,0,0,0,0,0,0,0,0,0,100,0,5.5,0,33,0,0
"93","7/9/2019_Saint Joe Bay_SJB07_6","7/9/2019","Saint Joe Bay","SJB07",7,2019,29.80502,-85.30295,29.7991,-85.3034,0.6,0.6,6,90,75,90,60,"mixed","highly fragmented","high","Need to do one more biomass and core plus 1 quad . Took 3rd quad on 7/10/2019 8am to 8:53",0,0,0,0,0,0,0,0,0,0,100,0,5,0,30,0,0
"94","7/9/2019_Saint Joe Bay_SJB07_7","7/9/2019","Saint Joe Bay","SJB07",7,2019,29.80502,-85.30295,29.7991,-85.3034,0.6,0.6,7,30,100,100,100,"mixed","highly fragmented","high","Need to do one more biomass and core plus 1 quad . Took 3rd quad on 7/10/2019 8am to 8:53",0,0,0,100,0,0,0,0,0,0,0,0,4,0,0,0,24
"95","7/9/2019_Saint Joe Bay_SJB07_8","7/9/2019","Saint Joe Bay","SJB07",7,2019,29.80502,-85.30295,29.7991,-85.3034,0.6,0.6,8,25,100,100,100,"mixed","highly fragmented","high","Need to do one more biomass and core plus 1 quad . Took 3rd quad on 7/10/2019 8am to 8:53",0,0,0,100,0,0,0,0,0,0,0,0,3.83333333333333,0,0,0,23
"96","7/9/2019_Saint Joe Bay_SJB07_9","7/9/2019","Saint Joe Bay","SJB07",7,2019,29.80502,-85.30295,29.7991,-85.3034,0.6,0.6,9,10,100,100,100,"mixed","highly fragmented","high","Need to do one more biomass and core plus 1 quad . Took 3rd quad on 7/10/2019 8am to 8:53",0,0,0,100,0,0,0,0,0,0,0,0,3.33333333333333,0,0,0,20
"97","7/9/2019_Saint Joe Bay_SJB07_10","7/9/2019","Saint Joe Bay","SJB07",7,2019,29.80502,-85.30295,29.7991,-85.3034,0.6,0.6,10,60,90,100,100,"mixed","highly fragmented","high","Need to do one more biomass and core plus 1 quad . Took 3rd quad on 7/10/2019 8am to 8:53",0,0,0,50,0,0,0,0,0,0,50,0,11,0,36,0,30
"98","7/9/2019_Saint Joe Bay_SJB06_1","7/9/2019","Saint Joe Bay","SJB06",7,2019,29.79887,-85.30312,29.805,-85.3031,0.4,0.4,1,0,100,100,50,"mono","highly fragmented","high","",0,0,0,100,0,0,0,0,0,0,0,0,2.66666666666667,0,0,0,16
"99","7/9/2019_Saint Joe Bay_SJB06_4","7/9/2019","Saint Joe Bay","SJB06",7,2019,29.79887,-85.30312,29.805,-85.3031,0.4,0.4,4,0,100,100,95,"mono","highly fragmented","high","",0,0,0,100,0,0,0,0,0,0,0,0,2.66666666666667,0,0,0,16
"100","7/9/2019_Saint Joe Bay_SJB06_5","7/9/2019","Saint Joe Bay","SJB06",7,2019,29.79887,-85.30312,29.805,-85.3031,0.4,0.4,5,0,100,100,99,"mono","highly fragmented","high","",0,0,0,100,0,0,0,0,0,0,0,0,2.33333333333333,0,0,0,14
"101","7/9/2019_Saint Joe Bay_SJB06_6","7/9/2019","Saint Joe Bay","SJB06",7,2019,29.79887,-85.30312,29.805,-85.3031,0.4,0.4,6,0,100,100,80,"mono","highly fragmented","high","",0,0,0,100,0,0,0,0,0,0,0,0,2.5,0,0,0,15
"102","7/9/2019_Saint Joe Bay_SJB06_2","7/9/2019","Saint Joe Bay","SJB06",7,2019,29.79887,-85.30312,29.805,-85.3031,0.4,0.4,2,0,100,99,95,"mono","highly fragmented","high","",0,0,0,100,0,0,0,0,0,0,0,0,3.33333333333333,0,0,0,20
"103","7/9/2019_Saint Joe Bay_SJB06_7","7/9/2019","Saint Joe Bay","SJB06",7,2019,29.79887,-85.30312,29.805,-85.3031,0.4,0.4,7,0,100,95,100,"mono","highly fragmented","high","",0,0,0,100,0,0,0,0,0,0,0,0,3.33333333333333,0,0,0,20
"104","7/9/2019_Saint Joe Bay_SJB06_8","7/9/2019","Saint Joe Bay","SJB06",7,2019,29.79887,-85.30312,29.805,-85.3031,0.4,0.4,8,0,100,90,95,"mono","highly fragmented","high","",0,0,0,100,0,0,0,0,0,0,0,0,2.5,0,0,0,15
"105","7/9/2019_Saint Joe Bay_SJB06_3","7/9/2019","Saint Joe Bay","SJB06",7,2019,29.79887,-85.30312,29.805,-85.3031,0.4,0.4,3,30,100,95,95,"mono","highly fragmented","high","",0,0,0,100,0,0,0,0,0,0,0,0,2,0,0,0,12
"106","7/9/2019_Saint Joe Bay_SJB06_9","7/9/2019","Saint Joe Bay","SJB06",7,2019,29.79887,-85.30312,29.805,-85.3031,0.4,0.4,9,30,100,90,90,"mono","highly fragmented","high","",0,0,0,100,0,0,0,0,0,0,0,0,1.66666666666667,0,0,0,10
"107","7/9/2019_Saint Joe Bay_SJB06_10","7/9/2019","Saint Joe Bay","SJB06",7,2019,29.79887,-85.30312,29.805,-85.3031,0.4,0.4,10,50,100,80,80,"mono","highly fragmented","high","",0,0,0,100,0,0,0,0,0,0,0,0,2.16666666666667,0,0,0,13
"108","7/10/2019_Saint Joe Bay_SJB17_1","7/10/2019","Saint Joe Bay","SJB17",7,2019,29.7482,-85.31043,29.7482,-85.3106,0.8,0.8,1,30,80,80,100,"mono","continuous vegetated","high","biomass filled the coolers; boat scars prevelant",0,0,0,0,0,0,0,0,0,0,100,0,6,0,36,0,0
"109","7/10/2019_Saint Joe Bay_SJB17_2","7/10/2019","Saint Joe Bay","SJB17",7,2019,29.7482,-85.31043,29.7482,-85.3106,0.8,0.8,2,25,75,95,100,"mono","continuous vegetated","high","biomass filled the coolers; boat scars prevelant",0,0,0,0,0,0,0,0,0,0,100,0,6.16666666666667,0,37,0,0
"110","7/10/2019_Saint Joe Bay_SJB17_3","7/10/2019","Saint Joe Bay","SJB17",7,2019,29.7482,-85.31043,29.7482,-85.3106,0.8,0.8,3,50,25,80,100,"mono","continuous vegetated","high","biomass filled the coolers; boat scars prevelant",1,0,0,0,0,0,0,0,0,0,99,0,8,1.5,48,0,0
"111","7/10/2019_Saint Joe Bay_SJB17_4","7/10/2019","Saint Joe Bay","SJB17",7,2019,29.7482,-85.31043,29.7482,-85.3106,0.8,0.8,4,45,90,70,100,"mono","continuous vegetated","high","biomass filled the coolers; boat scars prevelant",0,0,0,0,0,0,0,0,0,0,100,0,8.16666666666667,0,49,0,0
"112","7/10/2019_Saint Joe Bay_SJB17_5","7/10/2019","Saint Joe Bay","SJB17",7,2019,29.7482,-85.31043,29.7482,-85.3106,0.8,0.8,5,50,50,90,100,"mono","continuous vegetated","high","biomass filled the coolers; boat scars prevelant",0,0,0,0,0,0,0,0,0,0,100,0,8.66666666666667,0,52,0,0
"113","7/10/2019_Saint Joe Bay_SJB17_6","7/10/2019","Saint Joe Bay","SJB17",7,2019,29.7482,-85.31043,29.7482,-85.3106,0.8,0.8,6,45,70,95,100,"mono","continuous vegetated","high","biomass filled the coolers; boat scars prevelant",0,0,0,0,0,0,0,0,0,0,100,0,8.16666666666667,0,49,0,0
"114","7/10/2019_Saint Joe Bay_SJB17_7","7/10/2019","Saint Joe Bay","SJB17",7,2019,29.7482,-85.31043,29.7482,-85.3106,0.8,0.8,7,40,50,95,100,"mono","continuous vegetated","high","biomass filled the coolers; boat scars prevelant",0,0,0,0,0,0,0,0,0,0,100,0,8.33333333333333,0,50,0,0
"115","7/10/2019_Saint Joe Bay_SJB17_8","7/10/2019","Saint Joe Bay","SJB17",7,2019,29.7482,-85.31043,29.7482,-85.3106,0.8,0.8,8,60,30,99,100,"mono","continuous vegetated","high","biomass filled the coolers; boat scars prevelant",0,0,0,0,0,0,0,0,0,0,100,0,11.6666666666667,0,70,0,0
"116","7/10/2019_Saint Joe Bay_SJB17_9","7/10/2019","Saint Joe Bay","SJB17",7,2019,29.7482,-85.31043,29.7482,-85.3106,0.8,0.8,9,70,25,95,100,"mono","continuous vegetated","high","biomass filled the coolers; boat scars prevelant",0,0,0,0,0,0,0,0,0,0,100,0,10.8333333333333,0,65,0,0
"117","7/10/2019_Saint Joe Bay_SJB17_10","7/10/2019","Saint Joe Bay","SJB17",7,2019,29.7482,-85.31043,29.7482,-85.3106,0.8,0.8,10,75,25,95,100,"mono","continuous vegetated","high","biomass filled the coolers; boat scars prevelant",25,0,0,0,0,0,0,0,0,0,75,0,12.5,1.66666666666667,75,0,0
"118","7/10/2019_Saint Joe Bay_SJB10_1","7/10/2019","Saint Joe Bay","SJB10",7,2019,29.72733,-85.32773,29.7273,-85.3277,0.6,0.6,1,50,80,95,100,"mono","continuous vegetated","high","",0,0,0,0,0,0,0,0,0,0,100,0,9.16666666666667,0,55,0,0
"119","7/10/2019_Saint Joe Bay_SJB10_2","7/10/2019","Saint Joe Bay","SJB10",7,2019,29.72733,-85.32773,29.7273,-85.3277,0.6,0.6,2,30,90,99,95,"mono","continuous vegetated","high","",0,0,0,0,0,0,0,0,0,0,100,0,10,0,60,0,0
"120","7/10/2019_Saint Joe Bay_SJB10_3","7/10/2019","Saint Joe Bay","SJB10",7,2019,29.72733,-85.32773,29.7273,-85.3277,0.6,0.6,3,60,95,95,100,"mono","continuous vegetated","high","",0,0,0,0,0,0,0,0,0,0,100,0,10.8333333333333,0,65,0,0
"121","7/10/2019_Saint Joe Bay_SJB10_4","7/10/2019","Saint Joe Bay","SJB10",7,2019,29.72733,-85.32773,29.7273,-85.3277,0.6,0.6,4,60,100,75,100,"mono","continuous vegetated","high","",0,0,0,0,0,0,0,0,0,0,100,0,7.5,0,45,0,0
"122","7/10/2019_Saint Joe Bay_SJB10_5","7/10/2019","Saint Joe Bay","SJB10",7,2019,29.72733,-85.32773,29.7273,-85.3277,0.6,0.6,5,75,75,95,100,"mono","continuous vegetated","high","",0,0,0,0,0,0,0,0,0,0,100,0,8.66666666666667,0,52,0,0
"123","7/10/2019_Saint Joe Bay_SJB10_6","7/10/2019","Saint Joe Bay","SJB10",7,2019,29.72733,-85.32773,29.7273,-85.3277,0.6,0.6,6,80,100,75,100,"mono","continuous vegetated","high","",0,0,0,0,0,0,0,0,0,0,100,0,7.33333333333333,0,44,0,0
"124","7/10/2019_Saint Joe Bay_SJB10_7","7/10/2019","Saint Joe Bay","SJB10",7,2019,29.72733,-85.32773,29.7273,-85.3277,0.6,0.6,7,80,100,60,100,"mono","continuous vegetated","high","",0,0,0,0,0,0,0,0,0,0,100,0,7.16666666666667,0,43,0,0
"125","7/10/2019_Saint Joe Bay_SJB10_8","7/10/2019","Saint Joe Bay","SJB10",7,2019,29.72733,-85.32773,29.7273,-85.3277,0.6,0.6,8,50,60,90,95,"mono","continuous vegetated","high","",0,0,0,0,0,0,0,0,0,0,100,0,8.16666666666667,0,49,0,0
"126","7/10/2019_Saint Joe Bay_SJB10_9","7/10/2019","Saint Joe Bay","SJB10",7,2019,29.72733,-85.32773,29.7273,-85.3277,0.6,0.6,9,80,80,75,90,"mono","continuous vegetated","high","",0,0,0,0,0,0,0,0,0,0,100,0,8.33333333333333,0,50,0,0
"127","7/10/2019_Saint Joe Bay_SJB10_10","7/10/2019","Saint Joe Bay","SJB10",7,2019,29.72733,-85.32773,29.7273,-85.3277,0.6,0.6,10,60,76,60,99,"mono","continuous vegetated","high","",0,0,0,0,0,0,0,0,0,0,100,0,6.66666666666667,0,40,0,0
"128","7/11/2019_Saint Joe Bay_SJBA_1","7/11/2019","Saint Joe Bay","SJBA",7,2019,29.8035,-85.303,29.8035,-85.303,0.65,0.65,1,0,0,0,0,"None","highly fragmented","No cover","In an area on patchy seagrass in the none seagrass part",0,0,0,0,0,0,0,0,0,0,0,0,0,0,0,0,0
"129","7/11/2019_Saint Joe Bay_SJBA_2","7/11/2019","Saint Joe Bay","SJBA",7,2019,29.8035,-85.303,29.8035,-85.303,0.65,0.65,2,0,0,0,0,"None","highly fragmented","No cover","In an area on patchy seagrass in the none seagrass part",0,0,0,0,0,0,0,0,0,0,0,0,0,0,0,0,0
"130","7/11/2019_Saint Joe Bay_SJBA_3","7/11/2019","Saint Joe Bay","SJBA",7,2019,29.8035,-85.303,29.8035,-85.303,0.65,0.65,3,0,0,0,0,"None","highly fragmented","No cover","In an area on patchy seagrass in the none seagrass part",0,0,0,0,0,0,0,0,0,0,0,0,0,0,0,0,0
"131","7/11/2019_Saint Joe Bay_SJBA_4","7/11/2019","Saint Joe Bay","SJBA",7,2019,29.8035,-85.303,29.8035,-85.303,0.65,0.65,4,0,0,0,0,"None","highly fragmented","No cover","In an area on patchy seagrass in the none seagrass part",0,0,0,0,0,0,0,0,0,0,0,0,0,0,0,0,0
"132","7/11/2019_Saint Joe Bay_SJBA_5","7/11/2019","Saint Joe Bay","SJBA",7,2019,29.8035,-85.303,29.8035,-85.303,0.65,0.65,5,0,0,0,0,"None","highly fragmented","No cover","In an area on patchy seagrass in the none seagrass part",0,0,0,0,0,0,0,0,0,0,0,0,0,0,0,0,0
"133","7/11/2019_Saint Joe Bay_SJBA_6","7/11/2019","Saint Joe Bay","SJBA",7,2019,29.8035,-85.303,29.8035,-85.303,0.65,0.65,6,0,0,0,0,"None","highly fragmented","No cover","In an area on patchy seagrass in the none seagrass part",0,0,0,0,0,0,0,0,0,0,0,0,0,0,0,0,0
"134","7/11/2019_Saint Joe Bay_SJBA_7","7/11/2019","Saint Joe Bay","SJBA",7,2019,29.8035,-85.303,29.8035,-85.303,0.65,0.65,7,0,0,0,0,"None","highly fragmented","No cover","In an area on patchy seagrass in the none seagrass part",0,0,0,0,0,0,0,0,0,0,0,0,0,0,0,0,0
"135","7/11/2019_Saint Joe Bay_SJBA_8","7/11/2019","Saint Joe Bay","SJBA",7,2019,29.8035,-85.303,29.8035,-85.303,0.65,0.65,8,0,0,0,0,"None","highly fragmented","No cover","In an area on patchy seagrass in the none seagrass part",0,0,0,0,0,0,0,0,0,0,0,0,0,0,0,0,0
"136","7/11/2019_Saint Joe Bay_SJBA_9","7/11/2019","Saint Joe Bay","SJBA",7,2019,29.8035,-85.303,29.8035,-85.303,0.65,0.65,9,0,0,0,0,"None","highly fragmented","No cover","In an area on patchy seagrass in the none seagrass part",0,0,0,0,0,0,0,0,0,0,0,0,0,0,0,0,0
"137","7/11/2019_Saint Joe Bay_SJBA_10","7/11/2019","Saint Joe Bay","SJBA",7,2019,29.8035,-85.303,29.8035,-85.303,0.65,0.65,10,0,0,0,0,"None","highly fragmented","No cover","In an area on patchy seagrass in the none seagrass part",0,0,0,0,0,0,0,0,0,0,0,0,0,0,0,0,0
"138","7/11/2019_Saint Joe Bay_SJBB_1","7/11/2019","Saint Joe Bay","SJBB",7,2019,29.7986,-85.303,29.7986,-85.303,0.5,0.5,1,0,0,0,0,"None","highly fragmented","No cover","In an area on patchy seagrass in the none seagrass part",0,0,0,0,0,0,0,0,0,0,0,0,0,0,0,0,0
"139","7/11/2019_Saint Joe Bay_SJBB_2","7/11/2019","Saint Joe Bay","SJBB",7,2019,29.7986,-85.303,29.7986,-85.303,0.5,0.5,2,0,0,0,0,"None","highly fragmented","No cover","In an area on patchy seagrass in the none seagrass part",0,0,0,0,0,0,0,0,0,0,0,0,0,0,0,0,0
"140","7/11/2019_Saint Joe Bay_SJBB_3","7/11/2019","Saint Joe Bay","SJBB",7,2019,29.7986,-85.303,29.7986,-85.303,0.5,0.5,3,0,0,0,0,"None","highly fragmented","No cover","In an area on patchy seagrass in the none seagrass part",0,0,0,0,0,0,0,0,0,0,0,0,0,0,0,0,0
"141","7/11/2019_Saint Joe Bay_SJBB_4","7/11/2019","Saint Joe Bay","SJBB",7,2019,29.7986,-85.303,29.7986,-85.303,0.5,0.5,4,0,0,0,0,"None","highly fragmented","No cover","In an area on patchy seagrass in the none seagrass part",0,0,0,0,0,0,0,0,0,0,0,0,0,0,0,0,0
"142","7/11/2019_Saint Joe Bay_SJBB_5","7/11/2019","Saint Joe Bay","SJBB",7,2019,29.7986,-85.303,29.7986,-85.303,0.5,0.5,5,0,0,0,0,"None","highly fragmented","No cover","In an area on patchy seagrass in the none seagrass part",0,0,0,0,0,0,0,0,0,0,0,0,0,0,0,0,0
"143","7/11/2019_Saint Joe Bay_SJBB_6","7/11/2019","Saint Joe Bay","SJBB",7,2019,29.7986,-85.303,29.7986,-85.303,0.5,0.5,6,0,0,0,0,"None","highly fragmented","No cover","In an area on patchy seagrass in the none seagrass part",0,0,0,0,0,0,0,0,0,0,0,0,0,0,0,0,0
"144","7/11/2019_Saint Joe Bay_SJBB_7","7/11/2019","Saint Joe Bay","SJBB",7,2019,29.7986,-85.303,29.7986,-85.303,0.5,0.5,7,0,0,0,0,"None","highly fragmented","No cover","In an area on patchy seagrass in the none seagrass part",0,0,0,0,0,0,0,0,0,0,0,0,0,0,0,0,0
"145","7/11/2019_Saint Joe Bay_SJBB_8","7/11/2019","Saint Joe Bay","SJBB",7,2019,29.7986,-85.303,29.7986,-85.303,0.5,0.5,8,0,0,0,0,"None","highly fragmented","No cover","In an area on patchy seagrass in the none seagrass part",0,0,0,0,0,0,0,0,0,0,0,0,0,0,0,0,0
"146","7/11/2019_Saint Joe Bay_SJBB_9","7/11/2019","Saint Joe Bay","SJBB",7,2019,29.7986,-85.303,29.7986,-85.303,0.5,0.5,9,0,0,0,0,"None","highly fragmented","No cover","In an area on patchy seagrass in the none seagrass part",0,0,0,0,0,0,0,0,0,0,0,0,0,0,0,0,0
"147","7/11/2019_Saint Joe Bay_SJBB_10","7/11/2019","Saint Joe Bay","SJBB",7,2019,29.7986,-85.303,29.7986,-85.303,0.5,0.5,10,0,0,0,0,"None","highly fragmented","No cover","In an area on patchy seagrass in the none seagrass part",0,0,0,0,0,0,0,0,0,0,0,0,0,0,0,0,0
"148","7/25/2019_Saint Joe Bay_SJB02_1","7/25/2019","Saint Joe Bay","SJB02",7,2019,29.73875,-85.38572,29.68101,-85.36268,0.6,0.6,1,90,75,50,95,"Mono","Lightly fragmented","high","Boat scar; bag labeled Q2 has inside bags as Q3 and bag Q3 has inside Q2 - go by the outside label!",0,0,0,0,0,0,0,0,0,0,100,0,8.33333333333333,0,50,0,0
"149","7/25/2019_Saint Joe Bay_SJB02_2","7/25/2019","Saint Joe Bay","SJB02",7,2019,29.73875,-85.38572,29.68101,-85.36268,0.6,0.6,2,90,80,75,100,"Mono","Lightly fragmented","high","Boat scar; bag labeled Q2 has inside bags as Q3 and bag Q3 has inside Q2 - go by the outside label!",0,0,0,0,0,0,0,0,0,0,100,0,11.1666666666667,0,67,0,0
"150","7/25/2019_Saint Joe Bay_SJB02_3","7/25/2019","Saint Joe Bay","SJB02",7,2019,29.73875,-85.38572,29.68101,-85.36268,0.6,0.6,3,90,75,75,100,"Mono","Lightly fragmented","high","Boat scar; bag labeled Q2 has inside bags as Q3 and bag Q3 has inside Q2 - go by the outside label!",0,0,0,0,0,0,0,0,0,0,100,0,14.1666666666667,0,85,0,0
"151","7/25/2019_Saint Joe Bay_SJB02_4","7/25/2019","Saint Joe Bay","SJB02",7,2019,29.73875,-85.38572,29.68101,-85.36268,0.6,0.6,4,70,70,50,75,"Mono","Lightly fragmented","high","Boat scar; bag labeled Q2 has inside bags as Q3 and bag Q3 has inside Q2 - go by the outside label!",0,0,0,0,0,0,0,0,0,0,100,0,10.5,0,63,0,0
"152","7/25/2019_Saint Joe Bay_SJB02_5","7/25/2019","Saint Joe Bay","SJB02",7,2019,29.73875,-85.38572,29.68101,-85.36268,0.6,0.6,5,90,75,90,80,"Mono","Lightly fragmented","high","Boat scar; bag labeled Q2 has inside bags as Q3 and bag Q3 has inside Q2 - go by the outside label!",0,0,0,0,0,0,0,0,0,0,100,0,9,0,54,0,0
"153","7/25/2019_Saint Joe Bay_SJB02_6","7/25/2019","Saint Joe Bay","SJB02",7,2019,29.73875,-85.38572,29.68101,-85.36268,0.6,0.6,6,100,75,90,100,"Mono","Lightly fragmented","high","Boat scar; bag labeled Q2 has inside bags as Q3 and bag Q3 has inside Q2 - go by the outside label!",0,0,0,0,0,0,0,0,0,0,100,0,9.5,0,57,0,0
"154","7/25/2019_Saint Joe Bay_SJB02_7","7/25/2019","Saint Joe Bay","SJB02",7,2019,29.73875,-85.38572,29.68101,-85.36268,0.6,0.6,7,90,50,70,95,"Mono","Lightly fragmented","high","Boat scar; bag labeled Q2 has inside bags as Q3 and bag Q3 has inside Q2 - go by the outside label!",0,0,0,0,0,0,0,0,0,0,100,0,10.6666666666667,0,64,0,0
"155","7/25/2019_Saint Joe Bay_SJB02_8","7/25/2019","Saint Joe Bay","SJB02",7,2019,29.73875,-85.38572,29.68101,-85.36268,0.6,0.6,8,50,50,95,50,"Mono","Lightly fragmented","high","Boat scar; bag labeled Q2 has inside bags as Q3 and bag Q3 has inside Q2 - go by the outside label!",0,0,0,0,0,0,0,0,0,0,100,0,11.6666666666667,0,70,0,0
"156","7/25/2019_Saint Joe Bay_SJB02_9","7/25/2019","Saint Joe Bay","SJB02",7,2019,29.73875,-85.38572,29.68101,-85.36268,0.6,0.6,9,80,95,50,80,"Mono","Lightly fragmented","high","Boat scar; bag labeled Q2 has inside bags as Q3 and bag Q3 has inside Q2 - go by the outside label!",0,0,0,0,0,0,0,0,0,0,100,0,11.1666666666667,0,67,0,0
"157","7/25/2019_Saint Joe Bay_SJB02_10","7/25/2019","Saint Joe Bay","SJB02",7,2019,29.73875,-85.38572,29.68101,-85.36268,0.6,0.6,10,80,50,95,75,"Mono","Lightly fragmented","high","Boat scar; bag labeled Q2 has inside bags as Q3 and bag Q3 has inside Q2 - go by the outside label!",0,0,0,0,0,0,0,0,0,0,100,0,12.1666666666667,0,73,0,0
"158","7/25/2019_Saint Joe Bay_SJB24_1","7/25/2019","Saint Joe Bay","SJB24",7,2019,29.82092,-85.40592,29.73877,-85.38572,0.8,0.8,1,90,30,90,90,"Mono","Lightly fragmented","high","",0,0,0,0,0,0,0,0,0,0,100,0,4.83333333333333,0,29,0,0
"159","7/25/2019_Saint Joe Bay_SJB24_2","7/25/2019","Saint Joe Bay","SJB24",7,2019,29.82092,-85.40592,29.73877,-85.38572,0.8,0.8,2,70,70,60,80,"Mono","Lightly fragmented","high","",0,0,0,0,0,0,0,0,0,0,100,0,5,0,30,0,0
"160","7/25/2019_Saint Joe Bay_SJB24_3","7/25/2019","Saint Joe Bay","SJB24",7,2019,29.82092,-85.40592,29.73877,-85.38572,0.8,0.8,3,30,60,50,60,"Mono","Lightly fragmented","high","",0,0,0,0,0,0,0,0,0,0,100,0,5.16666666666667,0,31,0,0
"161","7/25/2019_Saint Joe Bay_SJB24_4","7/25/2019","Saint Joe Bay","SJB24",7,2019,29.82092,-85.40592,29.73877,-85.38572,0.8,0.8,4,30,90,100,80,"Mono","Lightly fragmented","high","",0,0,0,0,0,0,0,0,0,0,100,0,5,0,30,0,0
"162","7/25/2019_Saint Joe Bay_SJB24_5","7/25/2019","Saint Joe Bay","SJB24",7,2019,29.82092,-85.40592,29.73877,-85.38572,0.8,0.8,5,50,100,80,75,"Mono","Lightly fragmented","high","",0,0,0,0,0,0,0,0,0,0,100,0,3.83333333333333,0,23,0,0
"163","7/25/2019_Saint Joe Bay_SJB24_6","7/25/2019","Saint Joe Bay","SJB24",7,2019,29.82092,-85.40592,29.73877,-85.38572,0.8,0.8,6,50,100,100,70,"Mono","Lightly fragmented","high","",0,0,0,0,0,0,0,0,0,0,100,0,4,0,24,0,0
"164","7/25/2019_Saint Joe Bay_SJB24_7","7/25/2019","Saint Joe Bay","SJB24",7,2019,29.82092,-85.40592,29.73877,-85.38572,0.8,0.8,7,60,95,95,75,"Mono","Lightly fragmented","high","",0,0,0,0,0,0,0,0,0,0,100,0,4.16666666666667,0,25,0,0
"165","7/25/2019_Saint Joe Bay_SJB24_8","7/25/2019","Saint Joe Bay","SJB24",7,2019,29.82092,-85.40592,29.73877,-85.38572,0.8,0.8,8,10,100,95,60,"Mono","Lightly fragmented","high","",0,0,0,0,0,0,0,0,0,0,100,0,4,0,24,0,0
"166","7/25/2019_Saint Joe Bay_SJB24_9","7/25/2019","Saint Joe Bay","SJB24",7,2019,29.82092,-85.40592,29.73877,-85.38572,0.8,0.8,9,80,50,50,99,"Mono","Lightly fragmented","high","",0,0,0,0,0,0,0,0,0,0,100,0,5.5,0,33,0,0
"167","7/25/2019_Saint Joe Bay_SJB24_10","7/25/2019","Saint Joe Bay","SJB24",7,2019,29.82092,-85.40592,29.73877,-85.38572,0.8,0.8,10,80,70,30,99,"Mono","Lightly fragmented","high","",0,0,0,0,0,0,0,0,0,0,100,0,5.16666666666667,0,31,0,0
"168","7/30/2019_Steinhatchee_STCHA_1","7/30/2019","Steinhatchee","STCHA",7,2019,29.61464,-83.40597,29.61464,-83.40597,1.4,1.4,1,0,0,0,0,"None","Highly fragmented","low","In an area on patchy seagrass in the none seagrass part. Only algae low sg",0,0,0,0,0,0,0,0,0,0,0,0,0,0,0,0,0
"169","7/30/2019_Steinhatchee_STCHA_4","7/30/2019","Steinhatchee","STCHA",7,2019,29.61464,-83.40597,29.61464,-83.40597,1.4,1.4,4,0,0,100,5,"None","Highly fragmented","low","In an area on patchy seagrass in the none seagrass part. Only algae low sg",0,0,0,0,0,0,0,0,0,0,100,0,2.66666666666667,0,16,0,0
"170","7/30/2019_Steinhatchee_STCHA_2","7/30/2019","Steinhatchee","STCHA",7,2019,29.61464,-83.40597,29.61464,-83.40597,1.4,1.4,2,0,0,99,15,"None","Highly fragmented","low","In an area on patchy seagrass in the none seagrass part. Only algae low sg",40,0,0,0,0,0,0,0,0,0,60,0,4,0.833333333333333,24,0,0
"171","7/30/2019_Steinhatchee_STCHA_5","7/30/2019","Steinhatchee","STCHA",7,2019,29.61464,-83.40597,29.61464,-83.40597,1.4,1.4,5,0,100,100,25,"None","Highly fragmented","low","In an area on patchy seagrass in the none seagrass part. Only algae low sg",40,0,30,0,0,0,0,0,30,0,0,0,0,5.16666666666667,0,0,0
"172","7/30/2019_Steinhatchee_STCHA_3","7/30/2019","Steinhatchee","STCHA",7,2019,29.61464,-83.40597,29.61464,-83.40597,1.4,1.4,3,0,0,0,0,"None","Highly fragmented","low","In an area on patchy seagrass in the none seagrass part. Only algae low sg",0,0,0,0,0,0,0,0,0,0,0,0,0,0,0,0,0
"173","7/30/2019_Steinhatchee_STCHA_6","7/30/2019","Steinhatchee","STCHA",7,2019,29.61464,-83.40597,29.61464,-83.40597,1.4,1.4,6,0,0,0,25,"None","Highly fragmented","low","In an area on patchy seagrass in the none seagrass part. Only algae low sg",0,16,5,0,0,0,0,0,80,0,0,0,0,7.33333333333333,0,0,0
"174","7/30/2019_Steinhatchee_STCHA_7","7/30/2019","Steinhatchee","STCHA",7,2019,29.61464,-83.40597,29.61464,-83.40597,1.4,1.4,7,60,50,100,10,"None","Highly fragmented","low","In an area on patchy seagrass in the none seagrass part. Only algae low sg",0,0,0,0,0,0,0,0,0,0,100,0,6.66666666666667,0,40,0,0
"175","7/30/2019_Steinhatchee_STCHA_8","7/30/2019","Steinhatchee","STCHA",7,2019,29.61464,-83.40597,29.61464,-83.40597,1.4,1.4,8,0,100,100,40,"None","Highly fragmented","low","In an area on patchy seagrass in the none seagrass part. Only algae low sg",0,0,0,0,0,0,0,0,100,0,0,0,0,10,0,0,0
"176","7/30/2019_Steinhatchee_STCHA_9","7/30/2019","Steinhatchee","STCHA",7,2019,29.61464,-83.40597,29.61464,-83.40597,1.4,1.4,9,60,50,95,25,"None","Highly fragmented","low","In an area on patchy seagrass in the none seagrass part. Only algae low sg",30,0,0,0,0,0,0,0,0,0,70,0,5.5,0.5,33,0,0
"177","7/30/2019_Steinhatchee_STCHA_10","7/30/2019","Steinhatchee","STCHA",7,2019,29.61464,-83.40597,29.61464,-83.40597,1.4,1.4,10,30,10,90,30,"None","Highly fragmented","low","In an area on patchy seagrass in the none seagrass part. Only algae low sg",0,0,25,0,0,0,0,0,25,0,50,0,0,0,0,0,0
"178","7/30/2019_Steinhatchee_STCHB_1","7/30/2019","Steinhatchee","STCHB",7,2019,29.63317,-83.40769,29.63317,-83.40769,0.9,0.9,1,0,0,0,0,"None","Bare","No cover","Sargassum field no samples . Bedroc covered in sediment . Delete first waypoint . Use second waypoint",0,0,0,0,0,0,0,0,0,0,0,0,0,0,0,0,0
"179","7/30/2019_Steinhatchee_STCHB_2","7/30/2019","Steinhatchee","STCHB",7,2019,29.63317,-83.40769,29.63317,-83.40769,0.9,0.9,2,0,0,0,0,"None","Bare","No cover","Sargassum field no samples . Bedroc covered in sediment . Delete first waypoint . Use second waypoint",0,0,0,0,0,0,0,0,0,0,0,0,0,0,0,0,0
"180","7/30/2019_Steinhatchee_STCHB_3","7/30/2019","Steinhatchee","STCHB",7,2019,29.63317,-83.40769,29.63317,-83.40769,0.9,0.9,3,0,0,0,0,"None","Bare","No cover","Sargassum field no samples . Bedroc covered in sediment . Delete first waypoint . Use second waypoint",0,0,0,0,0,0,0,0,0,0,0,0,0,0,0,0,0
"181","7/30/2019_Steinhatchee_STCH12_1","7/30/2019","Steinhatchee","STCH12",7,2019,29.60833,-83.40833,29.60832,-83.40826,1.3,1.3,1,50,30,99,95,"Mixed","Lightly fragmented","low","Bags are marked as stch13",0,0,0,0,0,0,0,0,0,0,100,0,8.33333333333333,0,50,0,0
"182","7/30/2019_Steinhatchee_STCH12_2","7/30/2019","Steinhatchee","STCH12",7,2019,29.60833,-83.40833,29.60832,-83.40826,1.3,1.3,2,40,60,99,60,"Mixed","Lightly fragmented","low","Bags are marked as stch13",1,0,0,0,0,0,0,0,0,1,98,0,10.6666666666667,0.833333333333333,36,28,0
"183","7/30/2019_Steinhatchee_STCH12_3","7/30/2019","Steinhatchee","STCH12",7,2019,29.60833,-83.40833,29.60832,-83.40826,1.3,1.3,3,30,20,100,65,"Mixed","Lightly fragmented","low","Bags are marked as stch13",0,0,0,0,0,0,0,0,0,95,5,0,10.3333333333333,0,34,28,0
"184","7/30/2019_Steinhatchee_STCH12_4","7/30/2019","Steinhatchee","STCH12",7,2019,29.60833,-83.40833,29.60832,-83.40826,1.3,1.3,4,10,70,95,70,"Mixed","Lightly fragmented","low","Bags are marked as stch13",5,0,0,0,0,0,0,0,0,10,85,0,7.66666666666667,0.833333333333333,24,22,0
"185","7/30/2019_Steinhatchee_STCH12_5","7/30/2019","Steinhatchee","STCH12",7,2019,29.60833,-83.40833,29.60832,-83.40826,1.3,1.3,5,80,50,50,80,"Mixed","Lightly fragmented","low","Bags are marked as stch13",0,0,0,0,0,0,0,0,0,1,99,0,9.83333333333333,0,40,19,0
"186","7/30/2019_Steinhatchee_STCH12_6","7/30/2019","Steinhatchee","STCH12",7,2019,29.60833,-83.40833,29.60832,-83.40826,1.3,1.3,6,75,25,50,50,"Mixed","Lightly fragmented","low","Bags are marked as stch13",0,0,0,0,0,0,0,0,0,50,50,0,11.1666666666667,0,32,35,0
"187","7/30/2019_Steinhatchee_STCH12_7","7/30/2019","Steinhatchee","STCH12",7,2019,29.60833,-83.40833,29.60832,-83.40826,1.3,1.3,7,30,10,100,40,"Mixed","Lightly fragmented","low","Bags are marked as stch13",25,0,0,0,0,0,0,0,0,25,75,0,12,1.16666666666667,49,23,0
"188","7/30/2019_Steinhatchee_STCH12_8","7/30/2019","Steinhatchee","STCH12",7,2019,29.60833,-83.40833,29.60832,-83.40826,1.3,1.3,8,50,40,90,75,"Mixed","Lightly fragmented","low","Bags are marked as stch13",0,0,0,0,0,0,0,0,0,30,70,0,7.33333333333333,0,40,4,0
"189","7/30/2019_Steinhatchee_STCH12_9","7/30/2019","Steinhatchee","STCH12",7,2019,29.60833,-83.40833,29.60832,-83.40826,1.3,1.3,9,80,30,95,95,"Mixed","Lightly fragmented","low","Bags are marked as stch13",40,0,0,0,0,0,0,0,0,0,60,0,5,1.5,30,0,0
"190","7/30/2019_Steinhatchee_STCH12_10","7/30/2019","Steinhatchee","STCH12",7,2019,29.60833,-83.40833,29.60832,-83.40826,1.3,1.3,10,80,10,99,40,"Mixed","Lightly fragmented","low","Bags are marked as stch13",30,0,0,0,0,0,0,0,0,30,30,0,10.1666666666667,0.833333333333333,36,25,0
"191","8/8/2019_Steinhatchee_STCH21_1","8/8/2019","Steinhatchee","STCH21",8,2019,29.5462,-83.4152,29.5468,-83.4148,1.1,1.1,1,0,100,95,100,"Mono","Continuous","high","",0,0,0,0,0,0,0,0,0,0,100,0,9,0,54,0,0
"192","8/8/2019_Steinhatchee_STCH21_2","8/8/2019","Steinhatchee","STCH21",8,2019,29.5462,-83.4152,29.5468,-83.4148,1.1,1.1,2,0,100,90,100,"Mono","Continuous","high","",5,0,0,0,0,0,0,0,0,0,95,0,12.3333333333333,0.833333333333333,74,0,0
"193","8/8/2019_Steinhatchee_STCH21_3","8/8/2019","Steinhatchee","STCH21",8,2019,29.5462,-83.4152,29.5468,-83.4148,1.1,1.1,3,0,100,50,100,"Mono","Continuous","high","",0,0,0,0,0,0,0,0,0,0,100,0,9.16666666666667,0,55,0,0
"194","8/8/2019_Steinhatchee_STCH21_4","8/8/2019","Steinhatchee","STCH21",8,2019,29.5462,-83.4152,29.5468,-83.4148,1.1,1.1,4,0,100,95,100,"Mono","Continuous","high","",10,0,0,0,0,0,0,0,0,0,90,0,0,0.833333333333333,0,0,0
"195","8/8/2019_Steinhatchee_STCH21_5","8/8/2019","Steinhatchee","STCH21",8,2019,29.5462,-83.4152,29.5468,-83.4148,1.1,1.1,5,0,100,55,95,"Mono","Continuous","high","",5,0,0,0,0,0,0,0,0,0,95,0,8.66666666666667,0.833333333333333,52,0,0
"196","8/8/2019_Steinhatchee_STCH21_6","8/8/2019","Steinhatchee","STCH21",8,2019,29.5462,-83.4152,29.5468,-83.4148,1.1,1.1,6,1,100,70,50,"Mono","Continuous","high","",0,0,0,0,0,0,0,0,0,0,100,0,5.33333333333333,0,32,0,0
"197","8/8/2019_Steinhatchee_STCH21_7","8/8/2019","Steinhatchee","STCH21",8,2019,29.5462,-83.4152,29.5468,-83.4148,1.1,1.1,7,1,100,50,75,"Mono","Continuous","high","",0,0,0,0,0,0,0,0,0,0,100,0,6,0,36,0,0
"198","8/8/2019_Steinhatchee_STCH21_8","8/8/2019","Steinhatchee","STCH21",8,2019,29.5462,-83.4152,29.5468,-83.4148,1.1,1.1,8,1,100,100,100,"Mono","Continuous","high","",0,0,0,0,0,0,0,0,0,0,100,0,7.33333333333333,0,44,0,0
"199","8/8/2019_Steinhatchee_STCH21_9","8/8/2019","Steinhatchee","STCH21",8,2019,29.5462,-83.4152,29.5468,-83.4148,1.1,1.1,9,1,100,50,30,"Mono","Continuous","high","",0,0,0,0,0,0,0,0,0,0,100,0,6.16666666666667,0,37,0,0
"200","8/8/2019_Steinhatchee_STCH21_10","8/8/2019","Steinhatchee","STCH21",8,2019,29.5462,-83.4152,29.5468,-83.4148,1.1,1.1,10,1,100,60,90,"Mono","Continuous","high","",5,0,0,0,0,0,0,0,0,0,95,0,6.33333333333333,0.5,38,0,0
"201","8/8/2019_Steinhatchee_STCHC_1","8/8/2019","Steinhatchee","STCHC",8,2019,29.6012,-83.42204,29.6012,-83.42204,1.25,1.25,1,0,0,0,0,"None","Bare","No cover","Bare patch in between sg. This is the second c site. Its marked as actual stchc. Erase other record in gps.",0,0,0,0,0,0,0,0,0,0,0,0,0,0,0,0,0
"202","8/8/2019_Steinhatchee_STCHC_2","8/8/2019","Steinhatchee","STCHC",8,2019,29.6012,-83.42204,29.6012,-83.42204,1.25,1.25,2,0,0,0,0,"None","Bare","No cover","Bare patch in between sg. This is the second c site. Its marked as actual stchc. Erase other record in gps.",0,0,0,0,0,0,0,0,0,0,0,0,0,0,0,0,0
"203","8/8/2019_Steinhatchee_STCHC_3","8/8/2019","Steinhatchee","STCHC",8,2019,29.6012,-83.42204,29.6012,-83.42204,1.25,1.25,3,0,0,0,0,"None","Bare","No cover","Bare patch in between sg. This is the second c site. Its marked as actual stchc. Erase other record in gps.",0,0,0,0,0,0,0,0,0,0,0,0,0,0,0,0,0
"204","8/8/2019_Steinhatchee_STCH20_6","8/8/2019","Steinhatchee","STCH20",8,2019,29.55833,-83.425,NA,NA,1.2,1.2,6,5,100,100,10,"Mono","Continuous","high","Bags say Stch09. Outer bag relabeled to stch20. See notes for core info",0,0,0,0,0,0,0,0,0,0,100,0,6.33333333333333,0,38,0,0
"205","8/8/2019_Steinhatchee_STCH20_7","8/8/2019","Steinhatchee","STCH20",8,2019,29.55833,-83.425,NA,NA,1.2,1.2,7,40,100,50,60,"Mono","Continuous","high","Bags say Stch09. Outer bag relabeled to stch20. See notes for core info",0,0,0,0,0,0,0,0,0,0,100,0,6.33333333333333,0,38,0,0
"206","8/8/2019_Steinhatchee_STCH20_8","8/8/2019","Steinhatchee","STCH20",8,2019,29.55833,-83.425,NA,NA,1.2,1.2,8,70,40,95,75,"Mono","Continuous","high","Bags say Stch09. Outer bag relabeled to stch20. See notes for core info",0,0,0,0,0,0,0,0,0,0,100,0,13.3333333333333,0,80,0,0
"207","8/8/2019_Steinhatchee_STCH20_9","8/8/2019","Steinhatchee","STCH20",8,2019,29.55833,-83.425,NA,NA,1.2,1.2,9,80,80,90,80,"Mono","Continuous","high","Bags say Stch09. Outer bag relabeled to stch20. See notes for core info",0,0,0,0,0,0,0,0,0,0,100,0,10.1666666666667,0,61,0,0
"208","8/8/2019_Steinhatchee_STCH20_10","8/8/2019","Steinhatchee","STCH20",8,2019,29.55833,-83.425,NA,NA,1.2,1.2,10,50,80,70,90,"Mono","Continuous","high","Bags say Stch09. Outer bag relabeled to stch20. See notes for core info",0,0,0,0,0,0,0,0,0,0,100,0,10.6666666666667,0,64,0,0
"209","8/8/2019_Steinhatchee_STCH20_11","8/8/2019","Steinhatchee","STCH20",8,2019,29.55833,-83.425,NA,NA,1.2,1.2,11,50,80,70,40,"Mono","Continuous","high","Bags say Stch09. Outer bag relabeled to stch20. See notes for core info",0,0,0,0,0,0,0,0,0,0,100,0,8.5,0,51,0,0
"210","8/8/2019_Steinhatchee_STCH20_1","8/8/2019","Steinhatchee","STCH20",8,2019,29.55833,-83.425,NA,NA,1.2,1.2,1,20,100,99,25,"Mono","Continuous","high","Bags say Stch09. Outer bag relabeled to stch20. See notes for core info",0,0,0,0,0,0,0,0,0,0,100,0,7.83333333333333,0,47,0,0
"211","8/8/2019_Steinhatchee_STCH20_2","8/8/2019","Steinhatchee","STCH20",8,2019,29.55833,-83.425,NA,NA,1.2,1.2,2,20,90,90,60,"Mono","Continuous","high","Bags say Stch09. Outer bag relabeled to stch20. See notes for core info",0,0,0,0,0,20,0,0,0,0,80,0,10.3333333333333,0,56,0,0
"212","8/8/2019_Steinhatchee_STCH20_3","8/8/2019","Steinhatchee","STCH20",8,2019,29.55833,-83.425,NA,NA,1.2,1.2,3,50,25,95,40,"Mono","Continuous","high","Bags say Stch09. Outer bag relabeled to stch20. See notes for core info",0,0,0,0,0,0,0,0,0,0,100,0,6.16666666666667,0,37,0,0
"213","8/8/2019_Steinhatchee_STCH20_4","8/8/2019","Steinhatchee","STCH20",8,2019,29.55833,-83.425,NA,NA,1.2,1.2,4,25,90,30,60,"Mono","Continuous","high","Bags say Stch09. Outer bag relabeled to stch20. See notes for core info",0,0,0,0,0,0,0,0,0,0,100,0,6.5,0,39,0,0
"214","8/8/2019_Steinhatchee_STCH20_5","8/8/2019","Steinhatchee","STCH20",8,2019,29.55833,-83.425,NA,NA,1.2,1.2,5,60,20,40,40,"Mono","Continuous","high","Bags say Stch09. Outer bag relabeled to stch20. See notes for core info",0,0,0,0,0,50,0,0,0,0,50,0,9.66666666666667,0,50,0,0
"215","8/13/2019_Saint Marks_SMAR03_1","8/13/2019","Saint Marks","SMAR03",8,2019,30.0643,-84.1365,30.0643,-84.1365,1.5,1.5,1,50,100,50,100,"Mono","Continuous","High","umlS",50,0,0,0,0,0,0,0,0,0,50,0,10.8333333333333,0.833333333333333,65,0,0
"216","8/13/2019_Saint Marks_SMAR03_2","8/13/2019","Saint Marks","SMAR03",8,2019,30.0643,-84.1365,30.0643,-84.1365,1.5,1.5,2,50,100,75,80,"Mono","Continuous","High","umlS",10,0,0,0,0,0,0,0,0,10,80,0,10.8333333333333,0,65,0,0
"217","8/13/2019_Saint Marks_SMAR03_3","8/13/2019","Saint Marks","SMAR03",8,2019,30.0643,-84.1365,30.0643,-84.1365,1.5,1.5,3,25,100,75,100,"Mono","Continuous","High","umlS",10,0,0,0,0,0,0,0,0,0,90,0,16.6666666666667,1,100,0,0
"218","8/13/2019_Saint Marks_SMAR03_4","8/13/2019","Saint Marks","SMAR03",8,2019,30.0643,-84.1365,30.0643,-84.1365,1.5,1.5,4,75,25,75,95,"Mono","Continuous","High","umlS",15,0,0,0,0,0,0,0,0,5,80,0,15.6666666666667,0.833333333333333,70,24,0
"219","8/13/2019_Saint Marks_SMAR03_5","8/13/2019","Saint Marks","SMAR03",8,2019,30.0643,-84.1365,30.0643,-84.1365,1.5,1.5,5,30,75,80,80,"Mono","Continuous","High","umlS",10,0,0,0,0,0,0,0,0,5,85,0,22.3333333333333,0.5,78,56,0
"220","8/13/2019_Saint Marks_SMAR03_6","8/13/2019","Saint Marks","SMAR03",8,2019,30.0643,-84.1365,30.0643,-84.1365,1.5,1.5,6,40,80,50,80,"Mono","Continuous","High","umlS",60,0,0,0,0,0,0,0,0,0,40,0,11.8333333333333,2.16666666666667,71,0,0
"221","8/13/2019_Saint Marks_SMAR03_7","8/13/2019","Saint Marks","SMAR03",8,2019,30.0643,-84.1365,30.0643,-84.1365,1.5,1.5,7,10,100,50,100,"Mono","Continuous","High","umlS",70,0,0,0,0,0,0,0,0,0,30,0,11.6666666666667,2.16666666666667,70,0,0
"222","8/13/2019_Saint Marks_SMAR03_8","8/13/2019","Saint Marks","SMAR03",8,2019,30.0643,-84.1365,30.0643,-84.1365,1.5,1.5,8,30,100,50,95,"Mono","Continuous","High","umlS",50,0,0,0,0,0,0,0,0,0,50,0,8.83333333333333,1.66666666666667,53,0,0
"223","8/13/2019_Saint Marks_SMAR03_9","8/13/2019","Saint Marks","SMAR03",8,2019,30.0643,-84.1365,30.0643,-84.1365,1.5,1.5,9,50,100,40,90,"Mono","Continuous","High","umlS",25,0,0,0,0,0,0,0,0,0,75,0,9.5,3,57,0,0
"224","8/13/2019_Saint Marks_SMAR03_10","8/13/2019","Saint Marks","SMAR03",8,2019,30.0643,-84.1365,30.0643,-84.1365,1.5,1.5,10,50,50,60,75,"Mono","Continuous","High","umlS",20,0,0,0,0,0,0,0,0,0,80,0,9,1.66666666666667,54,0,0
"225","8/13/2019_Saint Marks_SMAR04_1","8/13/2019","Saint Marks","SMAR04",8,2019,30.0651,-84.1198,30.0651,-84.1198,1.55,1.55,1,25,100,50,100,"mono","continuous","high","Bags say SMAR15 . Outter bags are relabeled to SMAR04",40,0,0,0,0,0,0,0,0,0,60,0,8.5,3.33333333333333,51,0,0
"226","8/13/2019_Saint Marks_SMAR04_2","8/13/2019","Saint Marks","SMAR04",8,2019,30.0651,-84.1198,30.0651,-84.1198,1.55,1.55,2,25,90,60,95,"mono","continuous","high","Bags say SMAR15 . Outter bags are relabeled to SMAR04",25,0,0,0,0,0,0,0,0,0,75,0,8.33333333333333,2.16666666666667,50,0,0
"227","8/13/2019_Saint Marks_SMAR04_3","8/13/2019","Saint Marks","SMAR04",8,2019,30.0651,-84.1198,30.0651,-84.1198,1.55,1.55,3,40,50,65,100,"mono","continuous","high","Bags say SMAR15 . Outter bags are relabeled to SMAR04",0,0,0,0,0,0,0,0,0,0,100,0,7.33333333333333,0,44,0,0
"228","8/13/2019_Saint Marks_SMAR04_4","8/13/2019","Saint Marks","SMAR04",8,2019,30.0651,-84.1198,30.0651,-84.1198,1.55,1.55,4,25,90,60,80,"mono","continuous","high","Bags say SMAR15 . Outter bags are relabeled to SMAR04",0,0,0,0,0,0,0,0,0,0,100,0,9.16666666666667,0,55,0,0
"229","8/13/2019_Saint Marks_SMAR04_5","8/13/2019","Saint Marks","SMAR04",8,2019,30.0651,-84.1198,30.0651,-84.1198,1.55,1.55,5,40,95,50,100,"mono","continuous","high","Bags say SMAR15 . Outter bags are relabeled to SMAR04",5,0,0,0,0,0,0,0,0,0,95,0,9.16666666666667,0.5,55,0,0
"230","8/13/2019_Saint Marks_SMAR04_6","8/13/2019","Saint Marks","SMAR04",8,2019,30.0651,-84.1198,30.0651,-84.1198,1.55,1.55,6,60,100,40,100,"mono","continuous","high","Bags say SMAR15 . Outter bags are relabeled to SMAR04",0,0,0,0,0,0,0,0,0,0,100,0,8.66666666666667,0,52,0,0
"231","8/13/2019_Saint Marks_SMAR04_7","8/13/2019","Saint Marks","SMAR04",8,2019,30.0651,-84.1198,30.0651,-84.1198,1.55,1.55,7,40,100,40,95,"mono","continuous","high","Bags say SMAR15 . Outter bags are relabeled to SMAR04",0,0,0,0,0,0,0,0,0,0,100,0,9.66666666666667,0,58,0,0
"232","8/13/2019_Saint Marks_SMAR04_8","8/13/2019","Saint Marks","SMAR04",8,2019,30.0651,-84.1198,30.0651,-84.1198,1.55,1.55,8,25,100,60,95,"mono","continuous","high","Bags say SMAR15 . Outter bags are relabeled to SMAR04",1,0,0,0,0,0,0,0,0,0,99,0,9.16666666666667,0.5,55,0,0
"233","8/13/2019_Saint Marks_SMAR04_9","8/13/2019","Saint Marks","SMAR04",8,2019,30.0651,-84.1198,30.0651,-84.1198,1.55,1.55,9,50,100,50,95,"mono","continuous","high","Bags say SMAR15 . Outter bags are relabeled to SMAR04",0,0,0,0,0,0,0,0,0,0,100,0,9.5,0,57,0,0
"234","8/13/2019_Saint Marks_SMAR04_10","8/13/2019","Saint Marks","SMAR04",8,2019,30.0651,-84.1198,30.0651,-84.1198,1.55,1.55,10,40,100,75,99,"mono","continuous","high","Bags say SMAR15 . Outter bags are relabeled to SMAR04",5,0,0,0,0,0,0,0,0,0,95,0,0,0,0,0,0
"235","8/14/2019_Saint Marks_SMAR14_1","8/14/2019","Saint Marks","SMAR14",8,2019,30.0747,-84.1056,30.0747,-84.1056,0.9,0.9,1,40,25,60,90,"Mono","continuous","high","",5,0,0,0,0,0,0,0,0,0,95,0,5.66666666666667,1,34,0,0
"236","8/14/2019_Saint Marks_SMAR14_2","8/14/2019","Saint Marks","SMAR14",8,2019,30.0747,-84.1056,30.0747,-84.1056,0.9,0.9,2,25,100,75,100,"Mono","continuous","high","",50,0,0,0,0,0,0,0,0,0,50,0,9.33333333333333,4.16666666666667,56,0,0
"237","8/14/2019_Saint Marks_SMAR14_3","8/14/2019","Saint Marks","SMAR14",8,2019,30.0747,-84.1056,30.0747,-84.1056,0.9,0.9,3,40,100,90,98,"Mono","continuous","high","",2,0,0,0,0,0,0,0,0,0,98,0,10.5,0.5,63,0,0
"238","8/14/2019_Saint Marks_SMAR14_4","8/14/2019","Saint Marks","SMAR14",8,2019,30.0747,-84.1056,30.0747,-84.1056,0.9,0.9,4,25,100,40,90,"Mono","continuous","high","",5,0,0,0,0,0,0,0,0,0,95,0,8.5,1,51,0,0
"239","8/14/2019_Saint Marks_SMAR14_5","8/14/2019","Saint Marks","SMAR14",8,2019,30.0747,-84.1056,30.0747,-84.1056,0.9,0.9,5,25,100,90,95,"Mono","continuous","high","",55,0,0,0,0,0,0,0,0,5,40,0,11.6666666666667,2.5,37,33,0
"240","8/14/2019_Saint Marks_SMAR14_6","8/14/2019","Saint Marks","SMAR14",8,2019,30.0747,-84.1056,30.0747,-84.1056,0.9,0.9,6,25,100,90,95,"Mono","continuous","high","",20,0,0,0,0,0,0,0,0,0,80,0,8.83333333333333,2.66666666666667,53,0,0
"241","8/14/2019_Saint Marks_SMAR14_7","8/14/2019","Saint Marks","SMAR14",8,2019,30.0747,-84.1056,30.0747,-84.1056,0.9,0.9,7,25,50,80,90,"Mono","continuous","high","",60,0,0,0,0,0,0,0,0,0,40,0,8,3,48,0,0
"242","8/14/2019_Saint Marks_SMAR14_8","8/14/2019","Saint Marks","SMAR14",8,2019,30.0747,-84.1056,30.0747,-84.1056,0.9,0.9,8,40,100,95,80,"Mono","continuous","high","",70,0,0,0,0,0,0,0,0,5,25,0,7.83333333333333,3,30,17,0
"243","8/14/2019_Saint Marks_SMAR14_9","8/14/2019","Saint Marks","SMAR14",8,2019,30.0747,-84.1056,30.0747,-84.1056,0.9,0.9,9,50,80,60,90,"Mono","continuous","high","",20,0,0,0,0,0,0,0,0,0,80,0,6.5,1.83333333333333,39,0,0
"244","8/14/2019_Saint Marks_SMAR14_10","8/14/2019","Saint Marks","SMAR14",8,2019,30.0747,-84.1056,30.0747,-84.1056,0.9,0.9,10,5,100,70,90,"Mono","continuous","high","",45,0,0,0,0,0,5,0,0,0,50,0,5.33333333333333,3.66666666666667,32,0,0
"245","8/14/2019_Saint Marks_SMAR25_6","8/14/2019","Saint Marks","SMAR25",8,2019,30.0704,-84.0716,30.0704,-84.0716,1.6,1.6,6,60,100,60,100,"mixed","continuous","High cover, low seagrass","High algae cover",80,0,2.5,0,5,0,2.5,0,0,5,5,0,23.1666666666667,8.66666666666667,45,75,0
"246","8/14/2019_Saint Marks_SMAR25_7","8/14/2019","Saint Marks","SMAR25",8,2019,30.0704,-84.0716,30.0704,-84.0716,1.6,1.6,7,0,100,100,100,"mixed","continuous","High cover, low seagrass","High algae cover",93,0,0,0,2,0,0,0,0,1,0,0,6.83333333333333,3.33333333333333,0,21,0
"247","8/14/2019_Saint Marks_SMAR25_8","8/14/2019","Saint Marks","SMAR25",8,2019,30.0704,-84.0716,30.0704,-84.0716,1.6,1.6,8,60,100,100,100,"mixed","continuous","High cover, low seagrass","High algae cover",80,0,0,0,5,0,0,0,0,15,0,0,10.1666666666667,0.833333333333333,0,46,0
"248","8/14/2019_Saint Marks_SMAR25_9","8/14/2019","Saint Marks","SMAR25",8,2019,30.0704,-84.0716,30.0704,-84.0716,1.6,1.6,9,5,100,76,80,"mixed","continuous","High cover, low seagrass","High algae cover",80,0,5,0,0,0,0,0,0,5,10,0,20,5.83333333333333,75,45,0
"249","8/14/2019_Saint Marks_SMAR25_10","8/14/2019","Saint Marks","SMAR25",8,2019,30.0704,-84.0716,30.0704,-84.0716,1.6,1.6,10,NA,NA,95,95,"mixed","continuous","High cover, low seagrass","High algae cover",9,0,0,0,1,0,0,0,0,90,0,0,9.16666666666667,1.66666666666667,0,45,0
"250","8/14/2019_Saint Marks_SMAR25_1","8/14/2019","Saint Marks","SMAR25",8,2019,30.0704,-84.0716,30.0704,-84.0716,1.6,1.6,1,30,80,50,75,"mixed","continuous","High cover, low seagrass","High algae cover",29,0,0,0,0,0,1,0,0,20,40,0,16.8333333333333,4.83333333333333,53,48,0
"251","8/14/2019_Saint Marks_SMAR25_2","8/14/2019","Saint Marks","SMAR25",8,2019,30.0704,-84.0716,30.0704,-84.0716,1.6,1.6,2,60,50,70,100,"mixed","continuous","High cover, low seagrass","High algae cover",69,0,1,0,0,0,0,0,0,15,15,0,12.8333333333333,5.33333333333333,41,36,0
"252","8/14/2019_Saint Marks_SMAR25_4","8/14/2019","Saint Marks","SMAR25",8,2019,30.0704,-84.0716,30.0704,-84.0716,1.6,1.6,4,5,100,40,90,"mixed","continuous","High cover, low seagrass","High algae cover",80,0,0,0,0,0,0,0,0,15,5,0,11.3333333333333,5.16666666666667,37,31,0
"253","8/14/2019_Saint Marks_SMAR25_3","8/14/2019","Saint Marks","SMAR25",8,2019,30.0704,-84.0716,30.0704,-84.0716,1.6,1.6,3,50,60,99,90,"mixed","continuous","High cover, low seagrass","High algae cover",54,0,0,0,5,0,0,1,0,40,0,0,13.6666666666667,4,0,57,0
"254","8/14/2019_Saint Marks_SMAR25_5","8/14/2019","Saint Marks","SMAR25",8,2019,30.0704,-84.0716,30.0704,-84.0716,1.6,1.6,5,5,100,95,95,"mixed","continuous","High cover, low seagrass","High algae cover",15,0,5,0,5,0,5,35,0,35,0,0,17.5,7.83333333333333,0,45,0
"255","8/14/2019_Saint Marks_SMAR12_1","8/14/2019","Saint Marks","SMAR12",8,2019,30.0785,-84.0692,30.0785,-84.0692,1.5,1.5,1,20,100,80,100,"mono","contnuous","high","",2,0,0,0,0,0,0,0,0,18,80,0,19,0.833333333333333,55,59,0
"256","8/14/2019_Saint Marks_SMAR12_2","8/14/2019","Saint Marks","SMAR12",8,2019,30.0785,-84.0692,30.0785,-84.0692,1.5,1.5,2,60,100,70,95,"mono","contnuous","high","",5,0,0,0,0,0,0,0,0,0,95,0,10.3333333333333,2,62,0,0
"257","8/14/2019_Saint Marks_SMAR12_3","8/14/2019","Saint Marks","SMAR12",8,2019,30.0785,-84.0692,30.0785,-84.0692,1.5,1.5,3,30,100,75,98,"mono","contnuous","high","",0,0,0,0,0,0,0,0,0,0,100,0,10.8333333333333,0,65,0,0
"258","8/14/2019_Saint Marks_SMAR12_4","8/14/2019","Saint Marks","SMAR12",8,2019,30.0785,-84.0692,30.0785,-84.0692,1.5,1.5,4,50,80,76,100,"mono","contnuous","high","",0,0,0,0,0,0,0,0,0,0,100,0,9.16666666666667,0,55,0,0
"259","8/14/2019_Saint Marks_SMAR12_5","8/14/2019","Saint Marks","SMAR12",8,2019,30.0785,-84.0692,30.0785,-84.0692,1.5,1.5,5,50,100,50,98,"mono","contnuous","high","",0,0,0,0,2,0,0,0,0,0,98,0,11.8333333333333,0,59,0,0
"260","8/14/2019_Saint Marks_SMAR12_6","8/14/2019","Saint Marks","SMAR12",8,2019,30.0785,-84.0692,30.0785,-84.0692,1.5,1.5,6,60,100,60,99,"mono","contnuous","high","",0,0,0,0,0,0,0,0,0,0,100,0,10,0,60,0,0
"261","8/14/2019_Saint Marks_SMAR12_7","8/14/2019","Saint Marks","SMAR12",8,2019,30.0785,-84.0692,30.0785,-84.0692,1.5,1.5,7,60,100,75,75,"mono","contnuous","high","",20,0,0,0,0,0,0,0,0,5,75,0,17,1.66666666666667,57,45,0
"262","8/14/2019_Saint Marks_SMAR12_8","8/14/2019","Saint Marks","SMAR12",8,2019,30.0785,-84.0692,30.0785,-84.0692,1.5,1.5,8,50,100,80,80,"mono","contnuous","high","",25,0,0,0,0,0,0,0,0,0,75,0,8.66666666666667,2.33333333333333,52,0,0
"263","8/14/2019_Saint Marks_SMAR12_9","8/14/2019","Saint Marks","SMAR12",8,2019,30.0785,-84.0692,30.0785,-84.0692,1.5,1.5,9,60,100,100,95,"mono","contnuous","high","",25,0,0,0,0,0,0,0,0,15,60,0,18.1666666666667,1.5,64,45,0
"264","8/14/2019_Saint Marks_SMAR12_10","8/14/2019","Saint Marks","SMAR12",8,2019,30.0785,-84.0692,30.0785,-84.0692,1.5,1.5,10,30,100,95,90,"mono","contnuous","high","",0,0,0,0,0,0,0,0,0,0,100,0,8.83333333333333,0,53,0,0
"265","8/16/2019_Saint Marks_SMARA_1","8/16/2019","Saint Marks","SMARA",8,2019,30.0712,-84.19833,30.0712,-84.19833,1.5,1.25,1,0,0,0,0,"bare","bare","None","Never was sg. Sediment was hyper compressible. Might want to count the number of bags to see if there was any compression due to extrusion.",0,0,0,0,0,0,0,0,0,0,0,0,0,0,0,0,0
"266","8/16/2019_Saint Marks_SMARA_2","8/16/2019","Saint Marks","SMARA",8,2019,30.0712,-84.19833,30.0712,-84.19833,1.5,1.25,2,0,0,0,0,"bare","bare","None","Never was sg. Sediment was hyper compressible. Might want to count the number of bags to see if there was any compression due to extrusion.",0,0,0,0,0,0,0,0,0,0,0,0,0,0,0,0,0
"267","8/16/2019_Saint Marks_SMARA_3","8/16/2019","Saint Marks","SMARA",8,2019,30.0712,-84.19833,30.0712,-84.19833,1.5,1.25,3,0,0,0,0,"bare","bare","None","Never was sg. Sediment was hyper compressible. Might want to count the number of bags to see if there was any compression due to extrusion.",0,0,0,0,0,0,0,0,0,0,0,0,0,0,0,0,0
"268","8/16/2019_Saint Marks_SMARA_4","8/16/2019","Saint Marks","SMARA",8,2019,30.0712,-84.19833,30.0712,-84.19833,1.5,1.25,4,0,0,0,0,"bare","bare","None","Never was sg. Sediment was hyper compressible. Might want to count the number of bags to see if there was any compression due to extrusion.",0,0,0,0,0,0,0,0,0,0,0,0,0,0,0,0,0
"269","8/16/2019_Saint Marks_SMARA_5","8/16/2019","Saint Marks","SMARA",8,2019,30.0712,-84.19833,30.0712,-84.19833,1.5,1.25,5,0,0,0,0,"bare","bare","None","Never was sg. Sediment was hyper compressible. Might want to count the number of bags to see if there was any compression due to extrusion.",0,0,0,0,0,0,0,0,0,0,0,0,0,0,0,0,0
"270","8/16/2019_Saint Marks_SMARA_6","8/16/2019","Saint Marks","SMARA",8,2019,30.0712,-84.19833,30.0712,-84.19833,1.5,1.25,6,0,0,0,0,"bare","bare","None","Never was sg. Sediment was hyper compressible. Might want to count the number of bags to see if there was any compression due to extrusion.",0,0,0,0,0,0,0,0,0,0,0,0,0,0,0,0,0
"271","8/16/2019_Saint Marks_SMARA_7","8/16/2019","Saint Marks","SMARA",8,2019,30.0712,-84.19833,30.0712,-84.19833,1.5,1.25,7,0,0,0,0,"bare","bare","None","Never was sg. Sediment was hyper compressible. Might want to count the number of bags to see if there was any compression due to extrusion.",0,0,0,0,0,0,0,0,0,0,0,0,0,0,0,0,0
"272","8/16/2019_Saint Marks_SMARA_8","8/16/2019","Saint Marks","SMARA",8,2019,30.0712,-84.19833,30.0712,-84.19833,1.5,1.25,8,0,0,0,0,"bare","bare","None","Never was sg. Sediment was hyper compressible. Might want to count the number of bags to see if there was any compression due to extrusion.",0,0,0,0,0,0,0,0,0,0,0,0,0,0,0,0,0
"273","8/16/2019_Saint Marks_SMARA_9","8/16/2019","Saint Marks","SMARA",8,2019,30.0712,-84.19833,30.0712,-84.19833,1.5,1.25,9,0,0,0,0,"bare","bare","None","Never was sg. Sediment was hyper compressible. Might want to count the number of bags to see if there was any compression due to extrusion.",0,0,0,0,0,0,0,0,0,0,0,0,0,0,0,0,0
"274","8/16/2019_Saint Marks_SMARA_10","8/16/2019","Saint Marks","SMARA",8,2019,30.0712,-84.19833,30.0712,-84.19833,1.5,1.25,10,0,0,0,0,"bare","bare","None","Never was sg. Sediment was hyper compressible. Might want to count the number of bags to see if there was any compression due to extrusion.",0,0,0,0,0,0,0,0,0,0,0,0,0,0,0,0,0
"275","8/16/2019_Saint Marks_SMARB_1","8/16/2019","Saint Marks","SMARB",8,2019,30.0584,-84.17513,30.0584,-84.17513,1.6,1.6,1,0,0,0,0,"bare","Highly fragmented","Low","Bare patch within an algae bed. Brown algal mat. Sparse",0,0,0,0,0,0,0,0,0,0,0,0,0,0,0,0,0
"276","8/16/2019_Saint Marks_SMARB_2","8/16/2019","Saint Marks","SMARB",8,2019,30.0584,-84.17513,30.0584,-84.17513,1.6,1.6,2,0,0,0,0,"bare","Highly fragmented","Low","Bare patch within an algae bed. Brown algal mat. Sparse",0,0,0,0,0,0,0,0,0,0,0,0,0,0,0,0,0
"277","8/16/2019_Saint Marks_SMARB_3","8/16/2019","Saint Marks","SMARB",8,2019,30.0584,-84.17513,30.0584,-84.17513,1.6,1.6,3,0,0,0,0,"bare","Highly fragmented","Low","Bare patch within an algae bed. Brown algal mat. Sparse",0,0,0,0,0,0,0,0,0,0,0,0,0,0,0,0,0
"278","8/16/2019_Saint Marks_SMARB_4","8/16/2019","Saint Marks","SMARB",8,2019,30.0584,-84.17513,30.0584,-84.17513,1.6,1.6,4,0,100,100,30,"bare","Highly fragmented","Low","Bare patch within an algae bed. Brown algal mat. Sparse",0,0,0,0,0,0,0,0,0,100,0,0,4.16666666666667,0,0,25,0
"279","8/16/2019_Saint Marks_SMARB_5","8/16/2019","Saint Marks","SMARB",8,2019,30.0584,-84.17513,30.0584,-84.17513,1.6,1.6,5,0,0,0,0,"bare","Highly fragmented","Low","Bare patch within an algae bed. Brown algal mat. Sparse",0,0,0,0,0,0,0,0,0,0,0,0,0,0,0,0,0
"280","8/16/2019_Saint Marks_SMARB_6","8/16/2019","Saint Marks","SMARB",8,2019,30.0584,-84.17513,30.0584,-84.17513,1.6,1.6,6,5,100,100,30,"bare","Highly fragmented","Low","Bare patch within an algae bed. Brown algal mat. Sparse",30,0,0,0,0,0,0,0,0,70,0,0,5,0.833333333333333,0,30,0
"281","8/16/2019_Saint Marks_SMARB_7","8/16/2019","Saint Marks","SMARB",8,2019,30.0584,-84.17513,30.0584,-84.17513,1.6,1.6,7,5,100,100,10,"bare","Highly fragmented","Low","Bare patch within an algae bed. Brown algal mat. Sparse",30,0,0,0,0,0,0,0,0,70,0,0,4.66666666666667,0.833333333333333,0,28,0
"282","8/16/2019_Saint Marks_SMARB_8","8/16/2019","Saint Marks","SMARB",8,2019,30.0584,-84.17513,30.0584,-84.17513,1.6,1.6,8,0,0,0,0,"bare","Highly fragmented","Low","Bare patch within an algae bed. Brown algal mat. Sparse",0,0,0,0,0,0,0,0,0,0,0,0,0,0,0,0,0
"283","8/16/2019_Saint Marks_SMARB_9","8/16/2019","Saint Marks","SMARB",8,2019,30.0584,-84.17513,30.0584,-84.17513,1.6,1.6,9,0,0,0,0,"bare","Highly fragmented","Low","Bare patch within an algae bed. Brown algal mat. Sparse",0,0,0,0,0,0,0,0,0,0,0,0,0,0,0,0,0
"284","8/16/2019_Saint Marks_SMARB_10","8/16/2019","Saint Marks","SMARB",8,2019,30.0584,-84.17513,30.0584,-84.17513,1.6,1.6,10,0,0,0,0,"bare","Highly fragmented","Low","Bare patch within an algae bed. Brown algal mat. Sparse",0,0,0,0,0,0,0,0,0,0,0,0,0,0,0,0,0
"285","8/20/2019_Saint Marks_SMAR24_1","8/20/2019","Saint Marks","SMAR24",8,2019,30.0701,-84.0508,30.0701,-84.0508,1.25,1.25,1,60,80,90,60,"mixed","continuous","low sg , high overall cover because of algae","",5,0,0,0,0,0,0,0,0,45,50,0,16.1666666666667,0,57,40,0
"286","8/20/2019_Saint Marks_SMAR24_2","8/20/2019","Saint Marks","SMAR24",8,2019,30.0701,-84.0508,30.0701,-84.0508,1.25,1.25,2,60,25,90,40,"mixed","continuous","low sg , high overall cover because of algae","",5,0,0,0,0,0,0,0,0,45,50,0,14.8333333333333,0,49,40,0
"287","8/20/2019_Saint Marks_SMAR24_3","8/20/2019","Saint Marks","SMAR24",8,2019,30.0701,-84.0508,30.0701,-84.0508,1.25,1.25,3,50,20,95,70,"mixed","continuous","low sg , high overall cover because of algae","",5,0,0,0,0,0,0,0,0,40,55,0,15.5,0,42,51,0
"288","8/20/2019_Saint Marks_SMAR24_4","8/20/2019","Saint Marks","SMAR24",8,2019,30.0701,-84.0508,30.0701,-84.0508,1.25,1.25,4,50,50,9,75,"mixed","continuous","low sg , high overall cover because of algae","",33.33333333,0,0,0,0,0,0,0,0,33.33333333,33.33333333,0,13.6666666666667,3.5,45,37,0
"289","8/20/2019_Saint Marks_SMAR24_5","8/20/2019","Saint Marks","SMAR24",8,2019,30.0701,-84.0508,30.0701,-84.0508,1.25,1.25,5,20,100,100,95,"mixed","continuous","low sg , high overall cover because of algae","",90,0,0,0,0,0,0,0,0,5,5,0,15.1666666666667,5.33333333333333,50,41,0
"290","8/20/2019_Saint Marks_SMAR24_6","8/20/2019","Saint Marks","SMAR24",8,2019,30.0701,-84.0508,30.0701,-84.0508,1.25,1.25,6,50,20,90,60,"mixed","continuous","low sg , high overall cover because of algae","",60,0,0,0,0,0,0,0,0,10,30,0,17.5,4.16666666666667,53,52,0
"291","8/20/2019_Saint Marks_SMAR24_7","8/20/2019","Saint Marks","SMAR24",8,2019,30.0701,-84.0508,30.0701,-84.0508,1.25,1.25,7,40,100,100,65,"mixed","continuous","low sg , high overall cover because of algae","",30,0,0,0,0,0,0,0,0,30,40,0,14.6666666666667,2.5,47,41,0
"292","8/20/2019_Saint Marks_SMAR24_8","8/20/2019","Saint Marks","SMAR24",8,2019,30.0701,-84.0508,30.0701,-84.0508,1.25,1.25,8,60,30,90,80,"mixed","continuous","low sg , high overall cover because of algae","",10,0,0,0,0,0,0,0,0,10,80,0,14.8333333333333,1.66666666666667,53,36,0
"293","8/20/2019_Saint Marks_SMAR24_9","8/20/2019","Saint Marks","SMAR24",8,2019,30.0701,-84.0508,30.0701,-84.0508,1.25,1.25,9,30,100,90,70,"mixed","continuous","low sg , high overall cover because of algae","",25,0,0,0,0,0,0,0,0,25,50,0,16.1666666666667,2.5,50,47,0
"294","8/20/2019_Saint Marks_SMAR23_1","8/20/2019","Saint Marks","SMAR23",8,2019,30.07869,-84.05362,30.07869,-84.05362,1.1,1.1,1,60,10,40,90,"Mono","Continuous","Hugh","forgot to take waypoint. use snail trail to find site",30,0,0,0,0,0,0,0,0,0,70,0,7.33333333333333,3.16666666666667,44,0,0
"295","8/20/2019_Saint Marks_SMAR23_2","8/20/2019","Saint Marks","SMAR23",8,2019,30.07869,-84.05362,30.07869,-84.05362,1.1,1.1,2,40,10,40,100,"Mono","Continuous","Hugh","forgot to take waypoint. use snail trail to find site",10,0,0,0,0,0,0,0,0,0,90,0,6.83333333333333,1.66666666666667,41,0,0
"296","8/20/2019_Saint Marks_SMAR23_3","8/20/2019","Saint Marks","SMAR23",8,2019,30.07869,-84.05362,30.07869,-84.05362,1.1,1.1,3,5,100,70,100,"Mono","Continuous","Hugh","forgot to take waypoint. use snail trail to find site",20,0,0,0,0,0,0,0,0,0,80,0,9.33333333333333,2.66666666666667,56,0,0
"297","8/20/2019_Saint Marks_SMAR23_4","8/20/2019","Saint Marks","SMAR23",8,2019,30.07869,-84.05362,30.07869,-84.05362,1.1,1.1,4,30,100,70,80,"Mono","Continuous","Hugh","forgot to take waypoint. use snail trail to find site",25,0,0,0,0,0,0,0,0,0,75,0,7.5,3.33333333333333,45,0,0
"298","8/20/2019_Saint Marks_SMAR23_5","8/20/2019","Saint Marks","SMAR23",8,2019,30.07869,-84.05362,30.07869,-84.05362,1.1,1.1,5,60,30,90,100,"Mono","Continuous","Hugh","forgot to take waypoint. use snail trail to find site",15,0,0,0,0,0,0,0,0,5,80,0,15.3333333333333,2.33333333333333,52,40,0
"299","8/20/2019_Saint Marks_SMAR23_6","8/20/2019","Saint Marks","SMAR23",8,2019,30.07869,-84.05362,30.07869,-84.05362,1.1,1.1,6,50,100,50,100,"Mono","Continuous","Hugh","forgot to take waypoint. use snail trail to find site",85,0,0,0,0,0,0,0,0,0,15,0,9.33333333333333,4.16666666666667,56,0,0
"300","8/20/2019_Saint Marks_SMAR23_7","8/20/2019","Saint Marks","SMAR23",8,2019,30.07869,-84.05362,30.07869,-84.05362,1.1,1.1,7,30,100,50,80,"Mono","Continuous","Hugh","forgot to take waypoint. use snail trail to find site",50,0,0,0,0,0,0,0,0,0,50,0,8.5,4.16666666666667,51,0,0
"301","8/20/2019_Saint Marks_SMAR23_8","8/20/2019","Saint Marks","SMAR23",8,2019,30.07869,-84.05362,30.07869,-84.05362,1.1,1.1,8,10,100,90,40,"Mono","Continuous","Hugh","forgot to take waypoint. use snail trail to find site",0,0,0,0,0,0,0,0,0,0,100,0,8.33333333333333,0,50,0,0
"302","8/20/2019_Saint Marks_SMAR23_9","8/20/2019","Saint Marks","SMAR23",8,2019,30.07869,-84.05362,30.07869,-84.05362,1.1,1.1,9,30,90,30,80,"Mono","Continuous","Hugh","forgot to take waypoint. use snail trail to find site",0,0,0,0,0,0,0,0,0,0,100,0,7,0,42,0,0
"303","8/20/2019_Saint Marks_SMAR23_10","8/20/2019","Saint Marks","SMAR23",8,2019,30.07869,-84.05362,30.07869,-84.05362,1.1,1.1,10,30,100,40,80,"Mono","Continuous","Hugh","forgot to take waypoint. use snail trail to find site",0,0,0,0,0,0,0,0,0,0,100,0,9.5,0,57,0,0
"304","8/20/2019_Saint Marks_SMARC_1","8/20/2019","Saint Marks","SMARC",8,2019,30.0697,-84.0906,30.0697,-84.0906,2.25,1.25,1,0,0,0,0,"none","none","none","sand patch .",0,0,0,0,0,0,0,0,0,0,0,0,0,0,0,0,0
"305","8/20/2019_Saint Marks_SMARC_2","8/20/2019","Saint Marks","SMARC",8,2019,30.0697,-84.0906,30.0697,-84.0906,2.25,1.25,2,0,0,0,0,"none","none","none","sand patch .",0,0,0,0,0,0,0,0,0,0,0,0,0,0,0,0,0
"306","8/20/2019_Saint Marks_SMARC_3","8/20/2019","Saint Marks","SMARC",8,2019,30.0697,-84.0906,30.0697,-84.0906,2.25,1.25,3,0,0,0,0,"none","none","none","sand patch .",0,0,0,0,0,0,0,0,0,0,0,0,0,0,0,0,0
"307","8/20/2019_Saint Marks_SMARC_4","8/20/2019","Saint Marks","SMARC",8,2019,30.0697,-84.0906,30.0697,-84.0906,2.25,1.25,4,0,0,0,0,"none","none","none","sand patch .",0,0,0,0,0,0,0,0,0,0,0,0,0,0,0,0,0
"308","8/20/2019_Saint Marks_SMARC_5","8/20/2019","Saint Marks","SMARC",8,2019,30.0697,-84.0906,30.0697,-84.0906,2.25,1.25,5,0,0,0,0,"none","none","none","sand patch .",0,0,0,0,0,0,0,0,0,0,0,0,0,0,0,0,0
"309","8/20/2019_Saint Marks_SMARC_6","8/20/2019","Saint Marks","SMARC",8,2019,30.0697,-84.0906,30.0697,-84.0906,2.25,1.25,6,0,0,0,0,"none","none","none","sand patch .",0,0,0,0,0,0,0,0,0,0,0,0,0,0,0,0,0
"310","8/20/2019_Saint Marks_SMARC_7","8/20/2019","Saint Marks","SMARC",8,2019,30.0697,-84.0906,30.0697,-84.0906,2.25,1.25,7,0,0,0,0,"none","none","none","sand patch .",0,0,0,0,0,0,0,0,0,0,0,0,0,0,0,0,0
"311","8/20/2019_Saint Marks_SMARC_8","8/20/2019","Saint Marks","SMARC",8,2019,30.0697,-84.0906,30.0697,-84.0906,2.25,1.25,8,0,0,0,0,"none","none","none","sand patch .",0,0,0,0,0,0,0,0,0,0,0,0,0,0,0,0,0
"312","8/20/2019_Saint Marks_SMARC_9","8/20/2019","Saint Marks","SMARC",8,2019,30.0697,-84.0906,30.0697,-84.0906,2.25,1.25,9,0,0,0,0,"none","none","none","sand patch .",0,0,0,0,0,0,0,0,0,0,0,0,0,0,0,0,0
"313","8/20/2019_Saint Marks_SMARC_10","8/20/2019","Saint Marks","SMARC",8,2019,30.0697,-84.0906,30.0697,-84.0906,2.25,1.25,10,0,0,0,0,"none","none","none","sand patch .",0,0,0,0,0,0,0,0,0,0,0,0,0,0,0,0,0
"314","8/30/2019_Saint Joe Bay_SJB16_1","8/30/2019","Saint Joe Bay","SJB16",8,2019,29.821,-85.406,NA,NA,1.4,1.4,1,50,100,95,75,"mono","blemished","mid","Inner bags labeled 12; difficult to hammer",0,0,0,0,0,0,0,0,0,0,100,0,6.66666666666667,0,40,0,0
"315","8/30/2019_Saint Joe Bay_SJB16_2","8/30/2019","Saint Joe Bay","SJB16",8,2019,29.821,-85.406,NA,NA,1.4,1.4,2,25,100,75,50,"mono","blemished","mid","Inner bags labeled 12; difficult to hammer",0,0,0,0,0,0,0,0,0,0,100,0,8,0,48,0,0
"316","8/30/2019_Saint Joe Bay_SJB16_4","8/30/2019","Saint Joe Bay","SJB16",8,2019,29.821,-85.406,NA,NA,1.4,1.4,4,40,100,70,50,"mono","blemished","mid","Inner bags labeled 12; difficult to hammer",0,0,0,0,0,0,0,0,0,0,100,0,7.33333333333333,0,44,0,0
"317","8/30/2019_Saint Joe Bay_SJB16_5","8/30/2019","Saint Joe Bay","SJB16",8,2019,29.821,-85.406,NA,NA,1.4,1.4,5,60,40,95,75,"mono","blemished","mid","Inner bags labeled 12; difficult to hammer",0,0,0,0,0,0,0,0,0,0,100,0,7.33333333333333,0,44,0,0
"318","8/30/2019_Saint Joe Bay_SJB16_6","8/30/2019","Saint Joe Bay","SJB16",8,2019,29.821,-85.406,NA,NA,1.4,1.4,6,30,100,99,60,"mono","blemished","mid","Inner bags labeled 12; difficult to hammer",0,0,0,0,0,0,0,0,0,0,100,0,6.5,0,39,0,0
"319","8/30/2019_Saint Joe Bay_SJB16_7","8/30/2019","Saint Joe Bay","SJB16",8,2019,29.821,-85.406,NA,NA,1.4,1.4,7,50,100,70,80,"mono","blemished","mid","Inner bags labeled 12; difficult to hammer",0,0,0,0,0,0,0,0,0,0,100,0,8.33333333333333,0,50,0,0
"320","8/30/2019_Saint Joe Bay_SJB16_8","8/30/2019","Saint Joe Bay","SJB16",8,2019,29.821,-85.406,NA,NA,1.4,1.4,8,60,100,95,60,"mono","blemished","mid","Inner bags labeled 12; difficult to hammer",0,0,0,0,0,0,0,0,0,0,100,0,3.33333333333333,0,20,0,0
"321","8/30/2019_Saint Joe Bay_SJB16_9","8/30/2019","Saint Joe Bay","SJB16",8,2019,29.821,-85.406,NA,NA,1.4,1.4,9,70,100,95,75,"mono","blemished","mid","Inner bags labeled 12; difficult to hammer",0,0,0,0,0,0,0,0,0,0,100,0,5,0,30,0,0
"322","8/30/2019_Saint Joe Bay_SJB16_10","8/30/2019","Saint Joe Bay","SJB16",8,2019,29.821,-85.406,NA,NA,1.4,1.4,10,30,100,90,50,"mono","blemished","mid","Inner bags labeled 12; difficult to hammer",0,0,0,0,0,0,0,0,0,0,100,0,5.16666666666667,0,31,0,0
"323","8/30/2019_Saint Joe Bay_SJB16_3","8/30/2019","Saint Joe Bay","SJB16",8,2019,29.821,-85.406,NA,NA,1.4,1.4,3,50,100,85,60,"mono","blemished","mid","Inner bags labeled 12; difficult to hammer",0,0,0,0,0,0,0,0,0,0,100,0,7,0,42,0,0
"324","8/30/2019_Saint Joe Bay_SJBC_1","8/30/2019","Saint Joe Bay","SJBC",8,2019,29.8256,-85.4084,NA,NA,1.05,1.05,1,0,0,0,0,"none","none","none","sandy; difficult to hamer; For Q1, the surficial slices accidentally everted on the floor. Need to tak a volume for Slice 14. But most likely 4cm",0,0,0,0,0,0,0,0,0,0,0,0,0,0,0,0,0
"325","8/30/2019_Saint Joe Bay_SJBC_2","8/30/2019","Saint Joe Bay","SJBC",8,2019,29.8256,-85.4084,NA,NA,1.05,1.05,2,0,0,0,0,"none","none","none","sandy; difficult to hamer; For Q1, the surficial slices accidentally everted on the floor. Need to tak a volume for Slice 14. But most likely 4cm",0,0,0,0,0,0,0,0,0,0,0,0,0,0,0,0,0
"326","8/30/2019_Saint Joe Bay_SJBC_3","8/30/2019","Saint Joe Bay","SJBC",8,2019,29.8256,-85.4084,NA,NA,1.05,1.05,3,0,0,0,0,"none","none","none","sandy; difficult to hamer; For Q1, the surficial slices accidentally everted on the floor. Need to tak a volume for Slice 14. But most likely 4cm",0,0,0,0,0,0,0,0,0,0,0,0,0,0,0,0,0
"327","8/30/2019_Saint Joe Bay_SJBC_4","8/30/2019","Saint Joe Bay","SJBC",8,2019,29.8256,-85.4084,NA,NA,1.05,1.05,4,0,0,0,0,"none","none","none","sandy; difficult to hamer; For Q1, the surficial slices accidentally everted on the floor. Need to tak a volume for Slice 14. But most likely 4cm",0,0,0,0,0,0,0,0,0,0,0,0,0,0,0,0,0
"328","8/30/2019_Saint Joe Bay_SJBC_5","8/30/2019","Saint Joe Bay","SJBC",8,2019,29.8256,-85.4084,NA,NA,1.05,1.05,5,0,0,0,0,"none","none","none","sandy; difficult to hamer; For Q1, the surficial slices accidentally everted on the floor. Need to tak a volume for Slice 14. But most likely 4cm",0,0,0,0,0,0,0,0,0,0,0,0,0,0,0,0,0
"329","8/30/2019_Saint Joe Bay_SJBC_6","8/30/2019","Saint Joe Bay","SJBC",8,2019,29.8256,-85.4084,NA,NA,1.05,1.05,6,0,0,0,0,"none","none","none","sandy; difficult to hamer; For Q1, the surficial slices accidentally everted on the floor. Need to tak a volume for Slice 14. But most likely 4cm",0,0,0,0,0,0,0,0,0,0,0,0,0,0,0,0,0
"330","8/30/2019_Saint Joe Bay_SJBC_7","8/30/2019","Saint Joe Bay","SJBC",8,2019,29.8256,-85.4084,NA,NA,1.05,1.05,7,0,0,0,0,"none","none","none","sandy; difficult to hamer; For Q1, the surficial slices accidentally everted on the floor. Need to tak a volume for Slice 14. But most likely 4cm",0,0,0,0,0,0,0,0,0,0,0,0,0,0,0,0,0
"331","8/30/2019_Saint Joe Bay_SJBC_8","8/30/2019","Saint Joe Bay","SJBC",8,2019,29.8256,-85.4084,NA,NA,1.05,1.05,8,0,0,0,0,"none","none","none","sandy; difficult to hamer; For Q1, the surficial slices accidentally everted on the floor. Need to tak a volume for Slice 14. But most likely 4cm",0,0,0,0,0,0,0,0,0,0,0,0,0,0,0,0,0
"332","8/30/2019_Saint Joe Bay_SJBC_9","8/30/2019","Saint Joe Bay","SJBC",8,2019,29.8256,-85.4084,NA,NA,1.05,1.05,9,0,0,0,0,"none","none","none","sandy; difficult to hamer; For Q1, the surficial slices accidentally everted on the floor. Need to tak a volume for Slice 14. But most likely 4cm",0,0,0,0,0,0,0,0,0,0,0,0,0,0,0,0,0
"333","8/30/2019_Saint Joe Bay_SJBC_10","8/30/2019","Saint Joe Bay","SJBC",8,2019,29.8256,-85.4084,NA,NA,1.05,1.05,10,0,0,0,0,"none","none","none","sandy; difficult to hamer; For Q1, the surficial slices accidentally everted on the floor. Need to tak a volume for Slice 14. But most likely 4cm",0,0,0,0,0,0,0,0,0,0,0,0,0,0,0,0,0
